/*
SQLyog Professional v13.1.1 (64 bit)
MySQL - 8.0.30 : Database - ciptapro_ciptaberkahsinergi
*********************************************************************
*/

/*!40101 SET NAMES utf8 */;

/*!40101 SET SQL_MODE=''*/;

/*!40014 SET @OLD_UNIQUE_CHECKS=@@UNIQUE_CHECKS, UNIQUE_CHECKS=0 */;
/*!40014 SET @OLD_FOREIGN_KEY_CHECKS=@@FOREIGN_KEY_CHECKS, FOREIGN_KEY_CHECKS=0 */;
/*!40101 SET @OLD_SQL_MODE=@@SQL_MODE, SQL_MODE='NO_AUTO_VALUE_ON_ZERO' */;
/*!40111 SET @OLD_SQL_NOTES=@@SQL_NOTES, SQL_NOTES=0 */;
CREATE DATABASE /*!32312 IF NOT EXISTS*/`ciptapro_ciptaberkahsinergi` /*!40100 DEFAULT CHARACTER SET utf8mb4 COLLATE utf8mb4_0900_ai_ci */ /*!80016 DEFAULT ENCRYPTION='N' */;

USE `ciptapro_ciptaberkahsinergi`;

/*Table structure for table `acct_account` */

DROP TABLE IF EXISTS `acct_account`;

CREATE TABLE `acct_account` (
  `account_id` int NOT NULL AUTO_INCREMENT,
  `account_type_id` int DEFAULT '0',
  `account_code` varchar(20) DEFAULT '',
  `account_name` varchar(100) DEFAULT '',
  `account_group` varchar(20) DEFAULT '',
  `account_suspended` int DEFAULT '0' COMMENT '1 : Yes, 0 : No',
  `parent_account_id` int DEFAULT '0',
  `top_parent_account_id` int DEFAULT '0',
  `account_has_child` enum('1','0') DEFAULT '0',
  `opening_debit_balance` decimal(20,2) DEFAULT '0.00',
  `opening_credit_balance` decimal(20,2) DEFAULT '0.00',
  `debit_change` decimal(20,2) DEFAULT '0.00',
  `credit_change` decimal(20,2) DEFAULT '0.00',
  `account_default_status` int DEFAULT '0',
  `account_remark` text,
  `account_status` int DEFAULT '0',
  `created_id` int NOT NULL DEFAULT '0',
  `created_at` timestamp NULL DEFAULT NULL,
  `updated_id` int DEFAULT '0',
  `updated_at` timestamp NULL DEFAULT NULL,
  `deleted_id` int DEFAULT '0',
  `deleted_at` datetime DEFAULT NULL,
  `data_state` tinyint(1) NOT NULL DEFAULT '0',
  PRIMARY KEY (`account_id`),
  KEY `account_code` (`account_code`),
  KEY `account_status` (`account_status`),
  KEY `created_id` (`created_id`)
) ENGINE=InnoDB AUTO_INCREMENT=89 DEFAULT CHARSET=utf8mb3;

/*Data for the table `acct_account` */

insert  into `acct_account`(`account_id`,`account_type_id`,`account_code`,`account_name`,`account_group`,`account_suspended`,`parent_account_id`,`top_parent_account_id`,`account_has_child`,`opening_debit_balance`,`opening_credit_balance`,`debit_change`,`credit_change`,`account_default_status`,`account_remark`,`account_status`,`created_id`,`created_at`,`updated_id`,`updated_at`,`deleted_id`,`deleted_at`,`data_state`) values 
(1,0,'101.00','ASET LANCAR','101.00',0,0,0,NULL,0.00,0.00,0.00,0.00,0,NULL,0,0,'2024-07-24 17:14:01',0,'2024-07-24 17:14:01',0,NULL,0),
(2,0,'101.01','          Kas Besar','101.00',0,0,0,NULL,0.00,0.00,0.00,0.00,0,NULL,0,0,'2024-07-24 17:14:01',0,'2024-07-24 17:14:01',0,NULL,0),
(3,0,'101.01.1','          Kas Box Kasir','101.00',0,0,0,NULL,0.00,0.00,0.00,0.00,0,NULL,0,0,'2024-07-24 17:14:01',0,'2024-07-24 17:14:01',0,NULL,0),
(4,0,'101.02','          Kas Di Bank','101.00',0,0,0,NULL,0.00,0.00,0.00,0.00,0,NULL,0,0,'2024-07-24 17:14:01',0,'2024-07-24 17:14:01',0,NULL,0),
(5,0,'101.02.1','          Kas Di Bank BNI','101.00',0,0,0,NULL,0.00,0.00,0.00,0.00,0,NULL,0,0,'2024-07-24 17:14:01',0,'2024-07-24 17:14:01',0,NULL,0),
(6,0,'101.02.2','          Kas Di Bank BRI','101.00',0,0,0,NULL,0.00,0.00,0.00,0.00,0,NULL,0,0,'2024-07-24 17:14:01',0,'2024-07-24 17:14:01',0,NULL,0),
(7,0,'101.03','   Piutang','101.00',0,0,0,NULL,0.00,0.00,0.00,0.00,0,NULL,0,0,'2024-07-24 17:14:01',0,'2024-07-24 17:14:01',0,NULL,0),
(8,0,'101.03.1','          Pinjaman Mingguan','101.00',0,0,0,NULL,0.00,0.00,0.00,0.00,0,NULL,0,0,'2024-07-24 17:14:01',0,'2024-07-24 17:14:01',0,NULL,0),
(9,0,'101.03.2','          Pinjaman Bulanan','101.00',0,0,0,NULL,0.00,0.00,0.00,0.00,0,NULL,0,0,'2024-07-24 17:14:01',0,'2024-07-24 17:14:01',0,NULL,0),
(10,0,'101.03.3','          Pinjaman Menurun','101.00',0,0,0,NULL,0.00,0.00,0.00,0.00,0,NULL,0,0,'2024-07-24 17:14:01',0,'2024-07-24 17:14:01',0,NULL,0),
(11,0,'101.03.4','          Pinjaman Dana Talangan','101.00',0,0,0,NULL,0.00,0.00,0.00,0.00,0,NULL,0,0,'2024-07-24 17:14:01',0,'2024-07-24 17:14:01',0,NULL,0),
(12,0,'101.03.5','         Pinjaman Elektronik','101.00',0,0,0,NULL,0.00,0.00,0.00,0.00,0,NULL,0,0,'2024-07-24 17:14:01',0,'2024-07-24 17:14:01',0,NULL,0),
(13,0,'101.03.6','Rekening  Antar Kantor ke Cabang','101.00',0,0,0,NULL,0.00,0.00,0.00,0.00,0,NULL,0,0,'2024-07-24 17:14:01',129,'2024-08-19 19:52:25',0,NULL,0),
(14,0,'101.03.7','        Modal di Unit Perdagangan','101.00',0,0,0,NULL,0.00,0.00,0.00,0.00,0,NULL,0,0,'2024-07-24 17:14:01',0,'2024-07-24 17:14:01',0,NULL,0),
(15,0,'102','     TOTAL ASET LANCAR',NULL,0,0,0,NULL,0.00,0.00,0.00,0.00,1,NULL,1,0,'2024-07-24 17:14:01',0,'2024-07-24 17:14:01',0,NULL,0),
(16,0,'102.00','ASET TETAP','102.00',0,0,0,NULL,0.00,0.00,0.00,0.00,1,NULL,1,0,'2024-07-24 17:14:01',0,'2024-07-24 17:14:01',0,NULL,0),
(17,0,'102.01','          Tanah Dan Gedung','102.00',0,0,0,NULL,0.00,0.00,0.00,0.00,0,NULL,0,0,'2024-07-24 17:14:01',0,'2024-07-24 17:14:01',0,NULL,0),
(18,0,'102.02','Inventaris Kantor','102.00',0,0,0,NULL,0.00,0.00,0.00,0.00,0,NULL,0,0,'2024-07-24 17:14:01',129,'2024-08-22 13:22:27',0,NULL,0),
(19,1,'102.03','          Akumulasi Penyusutan Tanah Dan Gedung','102.00',0,0,0,NULL,0.00,0.00,0.00,0.00,1,NULL,1,0,'2024-07-24 17:14:01',0,'2024-07-24 17:14:01',0,NULL,0),
(20,1,'102.04','          Akumulasi Penyusutan Inventaris Kantor','102.00',0,0,0,NULL,0.00,0.00,0.00,0.00,1,NULL,1,0,'2024-07-24 17:14:01',0,'2024-07-24 17:14:01',0,NULL,0),
(21,1,'201.00','KEWAJIBAN LANCAR','201.00',0,0,0,NULL,0.00,0.00,0.00,0.00,1,NULL,1,0,'2024-07-24 17:14:01',0,'2024-07-24 17:14:01',0,NULL,0),
(22,1,'201.01','          Simpanan Sinergi','201.00',0,0,0,NULL,0.00,0.00,0.00,0.00,1,NULL,1,0,'2024-07-24 17:14:01',0,'2024-07-24 17:14:01',0,NULL,0),
(23,1,'201.02','          Sinergi Prio','201.00',0,0,0,NULL,0.00,0.00,0.00,0.00,1,NULL,1,0,'2024-07-24 17:14:01',0,'2024-07-24 17:14:01',0,NULL,0),
(24,1,'201.03','          Simpanan Sembako','201.00',0,0,0,NULL,0.00,0.00,0.00,0.00,1,NULL,1,0,'2024-07-24 17:14:01',0,'2024-07-24 17:14:01',0,NULL,0),
(25,1,'201.04','          SiTara','201.00',0,0,0,NULL,0.00,0.00,0.00,0.00,1,NULL,1,0,'2024-07-24 17:14:01',0,'2024-07-24 17:14:01',0,NULL,0),
(26,1,'201.04.1','          Simpanan Berjangka 3 Bulan','201.00',0,0,0,NULL,0.00,0.00,0.00,0.00,1,NULL,1,0,'2024-07-24 17:14:01',0,'2024-07-24 17:14:01',0,NULL,0),
(27,1,'201.04.2','          Simpanan Berjangka 6 Bulan','201.00',0,0,0,NULL,0.00,0.00,0.00,0.00,1,NULL,1,0,'2024-07-24 17:14:01',0,'2024-07-24 17:14:01',0,NULL,0),
(28,1,'201.04.3','          Simpanan Berjangka 12 Bulan','201.00',0,0,0,NULL,0.00,0.00,0.00,0.00,1,NULL,1,0,'2024-07-24 17:14:01',0,'2024-07-24 17:14:01',0,NULL,0),
(29,1,'201.04.4','          Simpanan Berjangka 24 Bulan','201.00',0,0,0,NULL,0.00,0.00,0.00,0.00,1,NULL,1,0,'2024-07-24 17:14:01',0,'2024-07-24 17:14:01',0,NULL,0),
(30,1,'201.08','Titipan Notaris','201.00',0,0,0,NULL,0.00,0.00,0.00,0.00,1,NULL,1,0,'2024-07-24 17:14:01',113,'2024-07-30 10:54:03',0,NULL,0),
(31,1,'201.09','Titipan Asuransi','201.00',0,0,0,NULL,0.00,0.00,0.00,0.00,1,NULL,1,0,'2024-07-24 17:14:01',113,'2024-07-30 10:53:45',0,NULL,0),
(32,1,'201.01','     KEWAJIBAN LANCAR',NULL,0,0,0,NULL,0.00,0.00,0.00,0.00,1,NULL,1,0,'2024-07-24 17:14:01',0,'2024-07-24 17:14:01',0,NULL,0),
(33,1,'201.01.0','KEWAJIBAN JANGKA PANJANG',NULL,0,0,0,NULL,0.00,0.00,0.00,0.00,1,NULL,1,0,'2024-07-24 17:14:01',0,'2024-07-24 17:14:01',0,NULL,0),
(34,1,'201.01.1','          Hutang Pihak Ke Tiga','201.01',0,0,0,NULL,0.00,0.00,0.00,0.00,1,NULL,1,0,'2024-07-24 17:14:01',0,'2024-07-24 17:14:01',0,NULL,0),
(35,1,'201.01.2','          Hutang Di Bank','201.01',0,0,0,NULL,0.00,0.00,0.00,0.00,1,NULL,1,0,'2024-07-24 17:14:01',0,'2024-07-24 17:14:01',0,NULL,0),
(36,1,'202.00',' EKUITAS',NULL,0,0,0,NULL,0.00,0.00,0.00,0.00,1,NULL,1,0,'2024-07-24 17:14:01',0,'2024-07-24 17:14:01',0,NULL,0),
(37,1,'202.01','Modal Penyertaan','202.00',0,0,0,NULL,0.00,0.00,0.00,0.00,1,NULL,1,0,'2024-07-24 17:14:01',113,'2024-08-20 16:11:27',0,NULL,0),
(38,1,'202.02','          Simpanan Pokok','202.00',0,0,0,NULL,0.00,0.00,0.00,0.00,1,NULL,1,0,'2024-07-24 17:14:01',0,'2024-07-24 17:14:01',0,NULL,0),
(39,2,'202.03','          Simpanan Wajib','202.00',0,0,0,NULL,0.00,0.00,0.00,0.00,1,NULL,1,0,'2024-07-24 17:14:01',0,'2024-07-24 17:14:01',0,NULL,0),
(40,2,'202.04','          Simpanan Khusus','202.00',0,0,0,NULL,0.00,0.00,0.00,0.00,1,NULL,1,0,'2024-07-24 17:14:01',0,'2024-07-24 17:14:01',0,NULL,0),
(41,2,'202.05','          Hibah','202.00',0,0,0,NULL,0.00,0.00,0.00,0.00,1,NULL,1,0,'2024-07-24 17:14:01',0,'2024-07-24 17:14:01',0,NULL,0),
(42,2,'202.06','          Cadangan Umum','202.00',0,0,0,NULL,0.00,0.00,0.00,0.00,1,NULL,1,0,'2024-07-24 17:14:01',0,'2024-07-24 17:14:01',0,NULL,0),
(43,2,'202.07','          Shu Tahun Lalu','202.00',0,0,0,NULL,0.00,0.00,0.00,0.00,1,NULL,1,0,'2024-07-24 17:14:01',0,'2024-07-24 17:14:01',0,NULL,0),
(44,2,'202.08','          Shu Ditahan','202.00',0,0,0,NULL,0.00,0.00,0.00,0.00,1,NULL,1,0,'2024-07-24 17:14:01',0,'2024-07-24 17:14:01',0,NULL,0),
(45,2,'202.09','          Shu Tahun Berjalan','202.00',0,0,0,NULL,0.00,0.00,0.00,0.00,1,NULL,1,0,'2024-07-24 17:14:01',0,'2024-07-24 17:14:01',0,NULL,0),
(46,2,'202.10','          MODAL/EKUITAS',NULL,0,0,0,NULL,0.00,0.00,0.00,0.00,1,NULL,1,0,'2024-07-24 17:14:01',0,'2024-07-24 17:14:01',0,NULL,0),
(47,3,'400.00','PENDAPATAN','400.00',0,0,0,NULL,0.00,0.00,0.00,0.00,1,NULL,1,0,'2024-07-24 17:14:01',113,'2024-08-06 14:47:37',0,NULL,0),
(48,3,'400.01','Pendapatan Bunga Pinjaman','400.00',0,0,0,NULL,0.00,0.00,0.00,0.00,1,NULL,1,0,'2024-07-24 17:14:01',113,'2024-08-06 14:47:47',0,NULL,0),
(49,3,'400.02','Pendapatan Administrasi','400.00',0,0,0,NULL,0.00,0.00,0.00,0.00,1,NULL,1,0,'2024-07-24 17:14:01',113,'2024-08-06 14:47:54',0,NULL,0),
(50,3,'400.03','Pendapatan Provisi','400.00',0,0,0,NULL,0.00,0.00,0.00,0.00,1,NULL,1,0,'2024-07-24 17:14:01',113,'2024-08-06 14:48:02',0,NULL,0),
(51,3,'400.04','Pendapatan Denda','400.00',0,0,0,NULL,0.00,0.00,0.00,0.00,1,NULL,1,0,'2024-07-24 17:14:01',113,'2024-08-06 14:48:10',0,NULL,0),
(52,3,'400.05','Pendapatan Pinalty Pinjaman','400.00',0,0,0,NULL,0.00,0.00,0.00,0.00,1,NULL,1,0,'2024-07-24 17:14:01',113,'2024-08-06 14:48:19',0,NULL,0),
(53,3,'400.06','Pendapatan Adm Penutupan Tabungan','400.00',0,0,0,NULL,0.00,0.00,0.00,0.00,1,NULL,1,0,'2024-07-24 17:14:01',113,'2024-08-06 14:48:26',0,NULL,0),
(54,3,'400.07','               Pend. Penggantian Buku Tabungan','400.00',0,0,0,NULL,0.00,0.00,0.00,0.00,1,NULL,1,0,'2024-07-24 17:14:01',0,'2024-07-24 17:14:01',0,NULL,0),
(55,3,'400.08','               Pend.Lain - Lain','400.00',0,0,0,NULL,0.00,0.00,0.00,0.00,0,NULL,0,0,'2024-07-24 17:14:01',0,'2024-07-24 17:14:01',0,NULL,0),
(56,3,'401.00','BEBAN OPERASIONAL','401.00',0,0,0,NULL,0.00,0.00,0.00,0.00,0,NULL,0,0,'2024-07-24 17:14:01',0,'2024-07-24 17:14:01',0,NULL,0),
(57,3,'401.00','               Beban Bunga Simpanan','401.00',0,0,0,NULL,0.00,0.00,0.00,0.00,0,NULL,0,0,'2024-07-24 17:14:01',0,'2024-07-24 17:14:01',0,NULL,0),
(58,3,'401.01','               Beban Bunga Simpanan Berjangka','401.00',0,0,0,NULL,0.00,0.00,0.00,0.00,0,NULL,0,0,'2024-07-24 17:14:01',0,'2024-07-24 17:14:01',0,NULL,0),
(59,3,'401.02','               Beban Gaji Pengelola','401.00',0,0,0,NULL,0.00,0.00,0.00,0.00,0,NULL,0,0,'2024-07-24 17:14:01',0,'2024-07-24 17:14:01',0,NULL,0),
(60,3,'401.03','               Beban Sewa','401.00',0,0,0,NULL,0.00,0.00,0.00,0.00,0,NULL,0,0,'2024-07-24 17:14:01',0,'2024-07-24 17:14:01',0,NULL,0),
(61,3,'401.04','               Beban ATK','401.00',0,0,0,NULL,0.00,0.00,0.00,0.00,0,NULL,0,0,'2024-07-24 17:14:01',0,'2024-07-24 17:14:01',0,NULL,0),
(62,3,'401.05','               Beban Telepon dan Listrik','401.00',0,0,0,NULL,0.00,0.00,0.00,0.00,0,NULL,0,0,'2024-07-24 17:14:01',0,'2024-07-24 17:14:01',0,NULL,0),
(63,3,'401.06','               Beban Barang Cetakan','401.00',0,0,0,NULL,0.00,0.00,0.00,0.00,0,NULL,0,0,'2024-07-24 17:14:01',0,'2024-07-24 17:14:01',0,NULL,0),
(64,3,'401.07','               Beban Insentif','401.00',0,0,0,NULL,0.00,0.00,0.00,0.00,0,NULL,0,0,'2024-07-24 17:14:01',0,'2024-07-24 17:14:01',0,NULL,0),
(65,3,'401.08','               Beban Komisi','401.00',0,0,0,NULL,0.00,0.00,0.00,0.00,0,NULL,0,0,'2024-07-24 17:14:01',0,'2024-07-24 17:14:01',0,NULL,0),
(66,3,'401.09','               Beban Cadangan Resiko','401.00',0,0,0,NULL,0.00,0.00,0.00,0.00,0,NULL,0,0,'2024-07-24 17:14:01',0,'2024-07-24 17:14:01',0,NULL,0),
(67,3,'401.10','               Beban Penyusutan Inventaris','401.00',0,0,0,NULL,0.00,0.00,0.00,0.00,0,NULL,0,0,'2024-07-24 17:14:01',0,'2024-07-24 17:14:01',0,NULL,0),
(68,3,'401.11','               Beban Peny Biaya Dibayar Dimuka','401.00',0,0,0,NULL,0.00,0.00,0.00,0.00,0,NULL,0,0,'2024-07-24 17:14:01',0,'2024-07-24 17:14:01',0,NULL,0),
(69,3,'401.12','Beban Promosi/Marketing','401.00',0,0,0,NULL,0.00,0.00,0.00,0.00,0,NULL,0,0,'2024-07-24 17:14:01',118,'2025-01-03 14:15:17',0,NULL,0),
(70,3,'402.00','BEBAN NON OPERASIONAL','402.00',0,0,0,NULL,0.00,0.00,0.00,0.00,0,NULL,0,0,'2024-07-24 17:14:01',0,'2024-07-24 17:14:01',0,NULL,0),
(71,3,'402.01','Beban Pelatihan','402.00',0,0,0,NULL,0.00,0.00,0.00,0.00,0,NULL,0,0,'2024-07-24 17:14:01',118,'2025-01-03 14:17:43',0,NULL,0),
(72,3,'402.02','Beban Materai','402.00',0,0,0,NULL,0.00,0.00,0.00,0.00,0,NULL,0,0,'2024-07-24 17:14:01',118,'2025-01-03 14:17:59',0,NULL,0),
(73,3,'402.03','Beban Entertaint','402.00',0,0,0,NULL,0.00,0.00,0.00,0.00,0,NULL,0,0,'2024-07-24 17:14:01',118,'2025-01-03 14:18:10',0,NULL,0),
(74,3,'402.04','Beban Perbaikan/Maintenance','402.00',0,0,0,NULL,0.00,0.00,0.00,0.00,0,NULL,0,0,'2024-07-24 17:14:01',118,'2025-01-03 14:25:02',0,NULL,0),
(75,2,'402.05','Beban Sosial','402.00',0,0,0,NULL,0.00,0.00,0.00,0.00,0,NULL,0,0,'2024-07-24 17:14:01',118,'2024-11-25 11:05:14',0,NULL,0),
(76,2,'402.06','Beban RAT','402.00',0,0,0,NULL,0.01,0.00,0.00,0.00,0,NULL,0,0,'2024-07-24 17:14:01',118,'2025-01-03 14:19:43',0,NULL,0),
(77,2,'402.07','Beban Rapat','402.00',0,0,0,NULL,0.02,0.00,0.00,0.00,0,NULL,0,0,'2024-07-24 17:14:01',118,'2025-01-03 14:19:55',0,NULL,0),
(78,2,'402.08','Beban Pihak III','402.00',0,0,0,NULL,0.03,0.00,0.00,0.00,0,NULL,0,0,'2024-07-24 17:14:01',113,'2024-09-13 20:30:25',0,NULL,0),
(79,2,'402.09','Beban Pajak','402.00',0,0,0,NULL,0.04,0.00,0.00,0.00,0,NULL,0,0,'2024-07-24 17:14:01',113,'2024-09-13 20:30:47',0,NULL,0),
(80,2,'402.11','Beban Lain-lain','402.00',0,0,0,NULL,0.05,0.00,0.00,0.00,0,NULL,0,0,'2024-07-24 17:14:01',118,'2025-01-03 13:26:12',0,NULL,0),
(81,2,'402.11','SISA HASIL USAHA',NULL,0,0,0,NULL,0.08,0.00,0.00,0.00,1,NULL,1,0,'2024-07-24 17:14:01',0,'2024-07-24 17:14:01',0,NULL,0),
(82,1,'201.10','Rekening Antar Kantor Dari Pusat','201.00',0,0,0,'0',0.00,0.00,0.00,0.00,0,NULL,0,113,'2024-07-30 10:52:26',113,'2024-08-19 19:48:03',0,NULL,0),
(83,0,'103.01','Pra Operasional','103',0,0,0,'0',0.00,0.00,0.00,0.00,0,NULL,0,113,'2024-08-06 10:48:03',129,'2024-08-22 13:22:55',0,NULL,0),
(84,2,'402.10','Beban Bank','402.00',0,0,0,'0',0.00,0.00,0.00,0.00,0,NULL,0,118,'2025-01-03 13:27:20',118,'2025-01-03 14:20:06',0,NULL,0),
(85,1,'201.03','Simpanan Hari Raya','201.00',0,0,0,'0',0.00,0.00,0.00,0.00,1,NULL,1,118,'2025-03-02 14:31:06',118,'2025-03-03 12:45:35',0,NULL,0),
(86,1,'201.05','Simpanan Sembako25','201.00',0,0,0,'0',0.00,0.00,0.00,0.00,1,NULL,1,118,'2025-03-02 14:32:03',0,'2025-03-02 14:32:03',0,NULL,0),
(87,1,'201.06','Simpanan Sembako50','201.00',0,0,0,'0',0.00,0.00,0.00,0.00,1,NULL,1,118,'2025-03-02 14:32:37',0,'2025-03-02 14:32:37',0,NULL,0),
(88,1,'201.07','Simpanan Sembako100','201.00',0,0,0,'0',0.00,0.00,0.00,0.00,1,NULL,1,118,'2025-03-02 14:33:07',118,'2025-03-02 14:33:34',0,NULL,0);

/*Table structure for table `acct_balance_sheet_report` */

DROP TABLE IF EXISTS `acct_balance_sheet_report`;

CREATE TABLE `acct_balance_sheet_report` (
  `balance_sheet_report_id` bigint NOT NULL AUTO_INCREMENT,
  `report_no` int DEFAULT '0',
  `account_id1` int DEFAULT '0',
  `account_code1` varchar(20) DEFAULT '',
  `account_name1` varchar(100) DEFAULT '',
  `account_amount1` decimal(20,2) DEFAULT '0.00',
  `account_id2` int DEFAULT '0',
  `account_code2` varchar(20) DEFAULT '',
  `account_name2` varchar(100) DEFAULT '',
  `account_amount2` decimal(20,2) DEFAULT '0.00',
  `report_formula1` varchar(255) DEFAULT '',
  `report_operator1` varchar(255) DEFAULT '',
  `report_type1` int DEFAULT '0',
  `report_tab1` int DEFAULT '0',
  `report_bold1` int DEFAULT '0',
  `report_formula2` varchar(255) DEFAULT '',
  `report_operator2` varchar(255) DEFAULT '',
  `report_type2` int DEFAULT '0',
  `report_tab2` int DEFAULT '0',
  `report_bold2` int DEFAULT '0',
  `report_formula3` varchar(255) DEFAULT '',
  `report_operator3` varchar(255) DEFAULT '',
  `balance_report_type` decimal(1,0) NOT NULL,
  `balance_report_type1` decimal(1,0) NOT NULL,
  `created_id` int DEFAULT '0',
  `created_at` timestamp NULL DEFAULT NULL,
  `updated_at` timestamp NULL DEFAULT NULL,
  `deleted_at` timestamp NULL DEFAULT NULL,
  `data_state` tinyint(1) NOT NULL DEFAULT '0',
  PRIMARY KEY (`balance_sheet_report_id`),
  KEY `account_id1` (`account_id1`),
  KEY `account_id2` (`account_id2`)
) ENGINE=InnoDB AUTO_INCREMENT=81 DEFAULT CHARSET=utf8mb3;

/*Data for the table `acct_balance_sheet_report` */

insert  into `acct_balance_sheet_report`(`balance_sheet_report_id`,`report_no`,`account_id1`,`account_code1`,`account_name1`,`account_amount1`,`account_id2`,`account_code2`,`account_name2`,`account_amount2`,`report_formula1`,`report_operator1`,`report_type1`,`report_tab1`,`report_bold1`,`report_formula2`,`report_operator2`,`report_type2`,`report_tab2`,`report_bold2`,`report_formula3`,`report_operator3`,`balance_report_type`,`balance_report_type1`,`created_id`,`created_at`,`updated_at`,`deleted_at`,`data_state`) values 
(1,1,1,NULL,'ASET LANCAR',10.00,21,NULL,'KEWAJIBAN LANCAR',10.00,NULL,NULL,1,0,1,NULL,NULL,1,1,1,NULL,NULL,1,1,37,'1970-01-01 19:38:19','1970-01-01 19:38:19',NULL,0),
(2,2,2,'101.01','Kas Besar',10.00,22,'201.01','          Simpanan Sinergi',10.00,NULL,NULL,3,2,0,NULL,NULL,3,2,0,NULL,NULL,1,1,37,'1970-01-01 19:38:19','1970-01-01 19:38:19',NULL,0),
(3,3,3,'101.01.1','Kas Box Kasir',10.00,23,'201.02','          Sinergi Prio',10.00,NULL,NULL,3,2,0,NULL,NULL,3,2,0,NULL,NULL,1,1,37,'1970-01-01 19:38:19','1970-01-01 19:38:19',NULL,0),
(4,4,4,'101.02','Kas Di Bank',10.00,85,'201.03','SiRaya',10.00,NULL,NULL,3,2,0,NULL,NULL,3,2,0,NULL,NULL,1,1,37,'1970-01-01 19:38:19','1970-01-01 19:38:19',NULL,0),
(5,5,5,'101.02.1','Kas Di Bank Mandiri',10.00,25,'201.04','          SiTara',10.00,NULL,NULL,3,2,0,NULL,NULL,3,2,0,NULL,NULL,1,1,37,'1970-01-01 19:38:19','1970-01-01 19:38:19',NULL,0),
(6,6,6,'101.02.2','Kas Di Bank BRI',10.00,86,'201.05','Simbako25',10.00,NULL,NULL,3,2,0,NULL,NULL,3,2,0,NULL,NULL,1,1,37,'1970-01-01 19:38:19','1970-01-01 19:38:19',NULL,0),
(7,7,7,'101.03','Piutang',10.00,87,'201.06','Simbako50',10.00,NULL,NULL,1,2,1,NULL,NULL,3,2,0,NULL,NULL,1,1,37,'1970-01-01 19:38:19','1970-01-01 19:38:19',NULL,0),
(8,8,8,'101.03.1','Pinjaman Mingguan',10.00,88,'201.07','Simbako100',10.00,NULL,NULL,3,2,0,NULL,NULL,3,2,0,NULL,NULL,1,1,37,'1970-01-01 19:38:19','1970-01-01 19:38:19',NULL,0),
(9,9,9,'101.03.2','Pinjaman Bulanan',10.00,26,'201.04.1','          Simpanan Berjangka 3 Bulan',10.00,NULL,NULL,3,2,0,NULL,NULL,3,2,0,NULL,NULL,1,1,37,'1970-01-01 19:38:19','1970-01-01 19:38:19',NULL,0),
(10,10,10,'101.03.3','Pinjaman Menurun',10.00,27,'201.04.2','          Simpanan Berjangka 6 Bulan',10.00,NULL,NULL,3,2,0,NULL,NULL,3,2,0,NULL,NULL,1,1,37,'1970-01-01 19:38:19','1970-01-01 19:38:19',NULL,0),
(11,11,11,'101.03.4','Pinjaman Dana Talangan',10.00,28,'201.04.3','          Simpanan Berjangka 12 Bulan',10.00,NULL,NULL,3,2,0,NULL,NULL,3,2,0,NULL,NULL,1,1,37,'1970-01-01 19:38:19','1970-01-01 19:38:19',NULL,0),
(12,12,12,'101.03.5','Pinjaman Elektronik',10.00,29,'201.04.4','          Simpanan Berjangka 24 Bulan',10.00,NULL,NULL,3,2,0,NULL,NULL,3,2,0,NULL,NULL,1,1,37,'1970-01-01 19:38:19','1970-01-01 19:38:19',NULL,0),
(13,13,13,'101.03.6','Rekening  Antar Kantor ke Cabang',10.00,30,'201.08','          Titipan Notaris',10.00,NULL,NULL,0,2,0,NULL,NULL,3,2,0,NULL,NULL,1,1,37,'1970-01-01 19:38:19','1970-01-01 19:38:19',NULL,0),
(14,14,14,'101.03.7','Modal di Unit Perdagangan',10.00,31,'201.09','          Titipan Asuransi',10.00,NULL,NULL,3,2,0,NULL,NULL,3,2,0,NULL,NULL,1,1,37,'1970-01-01 19:38:19','1970-01-01 19:38:19',NULL,0),
(15,15,15,NULL,'TOTAL ASET LANCAR',10.00,0,'201.10','          Rekening Antar Kantor Dari Pusat',10.00,'2#3#4#5#6#8#9#10#11#12','+#+#+#+#+#+#+#+#+#+',4,2,1,NULL,NULL,0,2,0,NULL,NULL,1,1,37,'1970-01-01 19:38:19','1970-01-01 19:38:19',NULL,0),
(16,16,16,NULL,'ASET TETAP',10.00,32,NULL,'TOTAL KEWAJIBAN LANCAR',10.00,NULL,NULL,1,2,1,'2#3#4#5#6#7#8#9#10#11#12#13#14','+#+#+#+#+#+#+#+#+#+#+#+#+',4,2,1,NULL,NULL,1,1,37,'1970-01-01 19:38:19','1970-01-01 19:38:19',NULL,0),
(17,17,17,'102.01','Tanah Dan Gedung',10.00,33,NULL,'KEWAJIBAN JANGKA PANJANG',10.00,NULL,NULL,3,2,0,NULL,NULL,1,2,1,NULL,NULL,1,1,37,'1970-01-01 19:38:19','1970-01-01 19:38:19',NULL,0),
(18,18,18,'102.02','Inventaris Kantor',10.00,34,'201.01.1','Hutang Pihak Ke Tiga',10.00,NULL,NULL,3,2,0,NULL,NULL,3,2,0,NULL,NULL,1,1,37,'1970-01-01 19:38:19','1970-01-01 19:38:19',NULL,0),
(19,19,19,'102.03','Akumulasi Penyusutan Tanah Dan Gedung',10.00,35,'201.01.2','Hutang Di Bank',10.00,NULL,NULL,3,2,0,NULL,NULL,3,2,0,NULL,NULL,1,1,37,'1970-01-01 19:38:19','1970-01-01 19:38:19',NULL,0),
(20,20,20,'102.04','Akumulasi Penyusutan Inventaris Kantor',10.00,36,NULL,'TOTAL KEWAJIBAN JANGKA PANJANG',10.00,NULL,NULL,3,2,0,'18#19','+#+',4,2,1,NULL,NULL,1,1,37,'1970-01-01 19:38:19','1970-01-01 19:38:19',NULL,0),
(21,21,0,NULL,NULL,NULL,37,'201.01.1','TOTAL KEWAJIBAN',10.00,NULL,NULL,3,2,0,'2#3#4#5#6#7#8#9#10#11#12#13#14#18#19','+#+#+#+#+#+#+#+#+#+#+#+#+#+#+',4,2,1,NULL,NULL,1,1,37,'1970-01-01 19:38:19','1970-01-01 19:38:19',NULL,0),
(22,22,0,NULL,'TOTAL ASET TETAP',NULL,38,NULL,' EKUITAS',10.00,'17#18#19#20','+#+#+#+',4,1,1,NULL,NULL,1,2,1,NULL,NULL,1,1,37,'1970-01-01 19:38:19','1970-01-01 19:38:19',NULL,0),
(23,23,0,NULL,NULL,NULL,37,'202.01','Modal Penyertaam',10.00,NULL,NULL,3,2,0,NULL,NULL,3,2,0,NULL,NULL,1,1,37,'1970-01-01 19:38:19','1970-01-01 19:38:19',NULL,0),
(24,24,0,NULL,'ASET LAINNYA',NULL,38,'202.02','Simpanan Pokok',10.00,NULL,NULL,1,1,1,NULL,NULL,3,2,0,NULL,NULL,1,1,37,'1970-01-01 19:38:19','1970-01-01 19:38:19',NULL,0),
(25,25,83,'103.01','Pra Operasional',NULL,39,'202.03','Simpanan Wajib',10.00,'17#18#19#20','+#+#+#+',3,2,0,NULL,NULL,3,2,0,NULL,NULL,1,1,37,'1970-01-01 19:38:19','1970-01-01 19:38:19',NULL,0),
(26,26,0,NULL,NULL,NULL,40,'202.04','Simpanan Khusus',10.00,NULL,NULL,3,2,0,NULL,NULL,3,2,0,NULL,NULL,1,1,37,'1970-01-01 19:38:19','1970-01-01 19:38:19',NULL,0),
(27,27,0,NULL,NULL,NULL,41,'202.05','Hibah',10.00,NULL,NULL,3,2,0,NULL,NULL,3,2,0,NULL,NULL,1,1,37,'1970-01-01 19:38:19','1970-01-01 19:38:19',NULL,0),
(28,28,0,NULL,NULL,NULL,42,'202.06','Cadangan Umum',10.00,NULL,NULL,3,2,0,NULL,NULL,3,2,0,NULL,NULL,1,1,37,'1970-01-01 19:38:19','1970-01-01 19:38:19',NULL,0),
(29,29,0,NULL,NULL,NULL,43,'202.07','Shu Tahun Lalu',10.00,NULL,NULL,3,2,0,NULL,NULL,3,2,0,NULL,NULL,1,1,37,'1970-01-01 19:38:19','1970-01-01 19:38:19',NULL,0),
(30,30,0,NULL,NULL,NULL,44,'202.08','Shu Ditahan',10.00,NULL,NULL,3,2,0,NULL,NULL,3,2,0,NULL,NULL,1,1,37,'1970-01-01 19:38:19','1970-01-01 19:38:19',NULL,0),
(31,31,0,NULL,NULL,NULL,0,NULL,'Shu Tahun Berjalan',NULL,NULL,NULL,3,2,0,NULL,NULL,0,2,0,NULL,NULL,1,1,37,'1970-01-01 19:38:19','1970-01-01 19:38:19',NULL,0),
(32,32,0,NULL,NULL,NULL,0,NULL,'PENDAPATAN ',0.00,NULL,NULL,0,0,0,NULL,NULL,0,0,0,NULL,NULL,1,1,37,'1970-01-01 19:38:18','1970-01-01 19:38:19',NULL,0),
(33,33,0,NULL,NULL,NULL,48,NULL,'Pendapatan Bunga Pinjaman',0.00,NULL,NULL,0,0,0,NULL,NULL,7,3,0,NULL,NULL,1,1,37,'1970-01-01 19:38:18','1970-01-01 19:38:19',NULL,0),
(34,34,0,NULL,NULL,NULL,49,NULL,'Pendapatan Administrasi',40.00,NULL,NULL,0,0,0,NULL,NULL,7,3,0,NULL,NULL,1,1,37,'1970-01-01 19:38:18','1970-01-01 19:38:19',NULL,0),
(35,35,0,NULL,NULL,NULL,50,NULL,'Pendapatan Provisi',0.00,NULL,NULL,0,0,0,NULL,NULL,7,3,0,NULL,NULL,1,1,37,'1970-01-01 19:38:18','1970-01-01 19:38:19',NULL,0),
(36,36,0,NULL,NULL,NULL,51,NULL,'Pendapatan Denda',0.00,NULL,NULL,0,0,0,NULL,NULL,7,3,0,NULL,NULL,1,1,37,'1970-01-01 19:38:18','1970-01-01 19:38:19',NULL,0),
(37,37,0,NULL,NULL,NULL,52,NULL,'Pendapatan Pinalty Pinjaman',0.00,NULL,NULL,0,0,0,NULL,NULL,7,3,0,NULL,NULL,1,1,37,'1970-01-01 19:38:18','1970-01-01 19:38:19',NULL,0),
(38,38,0,NULL,NULL,NULL,53,NULL,'Pendapatan Adm Penutupan Tabungan',0.00,NULL,NULL,0,0,0,NULL,NULL,7,3,0,NULL,NULL,1,1,37,'1970-01-01 19:38:18','1970-01-01 19:38:19',NULL,0),
(39,39,0,NULL,NULL,NULL,54,NULL,'Pend. Penggantian Buku Tabungan',0.00,NULL,NULL,0,0,0,NULL,NULL,7,3,0,NULL,NULL,1,1,37,'1970-01-01 19:38:18','1970-01-01 19:38:19',NULL,0),
(40,40,0,NULL,NULL,NULL,55,NULL,'Pend.Lain - Lain',0.00,NULL,NULL,0,0,0,NULL,NULL,7,3,0,NULL,NULL,1,1,37,'1970-01-01 19:38:18','1970-01-01 19:38:19',NULL,0),
(41,41,0,NULL,NULL,NULL,0,NULL,' JUMLAH PENDAPATAN',0.00,NULL,NULL,0,0,0,'33#34#35#36#37#38#39#40','+#+#+#+#+#+#+#+#+#+',8,2,1,NULL,NULL,1,1,37,'1970-01-01 19:38:18','1970-01-01 19:38:19',NULL,0),
(42,42,0,NULL,NULL,NULL,0,NULL,NULL,0.00,NULL,NULL,0,0,0,NULL,NULL,0,3,0,NULL,NULL,1,1,37,'1970-01-01 19:38:18','1970-01-01 19:38:19',NULL,0),
(43,43,0,NULL,NULL,NULL,0,NULL,'BEBAN OPERASIONAL',0.00,NULL,NULL,0,0,0,NULL,NULL,0,0,0,NULL,NULL,1,1,37,'1970-01-01 19:38:18','1970-01-01 19:38:19',NULL,0),
(44,44,0,NULL,NULL,NULL,57,NULL,'Beban Bunga Simpanan',0.00,NULL,NULL,0,0,0,NULL,NULL,7,3,0,NULL,NULL,1,1,37,'1970-01-01 19:38:18','1970-01-01 19:38:19',NULL,0),
(45,45,0,NULL,NULL,NULL,58,NULL,'Beban Bunga Simpanan Berjangka',0.00,NULL,NULL,0,0,0,NULL,NULL,7,3,0,NULL,NULL,1,1,37,'1970-01-01 19:38:18','1970-01-01 19:38:19',NULL,0),
(46,46,0,NULL,NULL,NULL,59,NULL,'Beban Gaji Pengelola',0.00,NULL,NULL,0,0,0,NULL,NULL,7,3,0,NULL,NULL,1,1,37,'1970-01-01 19:38:18','1970-01-01 19:38:19',NULL,0),
(47,47,0,NULL,NULL,NULL,60,NULL,'Beban Sewa',0.00,NULL,NULL,0,0,0,NULL,NULL,7,3,0,NULL,NULL,1,1,37,'1970-01-01 19:38:18','1970-01-01 19:38:19',NULL,0),
(48,48,0,NULL,NULL,NULL,61,NULL,'Beban ATK',0.00,NULL,NULL,0,0,0,NULL,NULL,7,3,0,NULL,NULL,1,1,37,'1970-01-01 19:38:18','1970-01-01 19:38:19',NULL,0),
(49,49,0,NULL,NULL,NULL,62,NULL,'Beban Telepon dan Listrik',0.00,NULL,NULL,0,0,0,NULL,NULL,7,3,0,NULL,NULL,1,1,37,'1970-01-01 19:38:18','1970-01-01 19:38:19',NULL,0),
(50,50,0,NULL,NULL,NULL,63,NULL,'Beban Barang Cetakan',0.00,NULL,NULL,0,0,0,NULL,NULL,7,3,0,NULL,NULL,1,1,37,'1970-01-01 19:38:18','1970-01-01 19:38:19',NULL,0),
(51,51,0,NULL,NULL,NULL,64,NULL,'Beban Insentif',0.00,NULL,NULL,0,0,0,NULL,NULL,7,3,0,NULL,NULL,1,1,37,'1970-01-01 19:38:18','1970-01-01 19:38:19',NULL,0),
(52,52,0,NULL,NULL,NULL,65,NULL,'Beban Komisi',0.00,NULL,NULL,0,0,0,NULL,NULL,7,3,0,NULL,NULL,1,1,37,'1970-01-01 19:38:18','1970-01-01 19:38:19',NULL,0),
(53,53,0,NULL,NULL,NULL,66,NULL,'Beban Cadangan Resiko',0.00,NULL,NULL,0,0,0,NULL,NULL,7,3,0,NULL,NULL,1,1,37,'1970-01-01 19:38:18','1970-01-01 19:38:19',NULL,0),
(54,54,0,NULL,NULL,NULL,67,NULL,'Beban Penyusutan Inventaris',0.00,NULL,NULL,0,0,0,NULL,NULL,7,3,0,NULL,NULL,1,1,37,'1970-01-01 19:38:18','1970-01-01 19:38:19',NULL,0),
(55,55,0,NULL,NULL,NULL,68,NULL,'Beban Peny Biaya Dibayar Dimuka',0.00,NULL,NULL,0,0,0,NULL,NULL,7,3,0,NULL,NULL,1,1,37,'1970-01-01 19:38:18','1970-01-01 19:38:19',NULL,0),
(56,56,0,NULL,NULL,NULL,69,NULL,'Biaya Promosi/Marketing',0.00,NULL,NULL,0,0,0,NULL,NULL,7,3,0,NULL,NULL,1,1,37,'1970-01-01 19:38:18','1970-01-01 19:38:19',NULL,0),
(57,57,0,NULL,NULL,NULL,0,NULL,NULL,0.00,NULL,NULL,0,0,0,NULL,NULL,0,3,0,NULL,NULL,1,1,37,'1970-01-01 19:38:18','1970-01-01 19:38:19',NULL,0),
(58,58,0,NULL,NULL,NULL,0,NULL,'JUMLAH BEBAN OPERASIONAL',0.00,NULL,NULL,0,0,0,'44#45#46#47#48#49#50#51#52#53#54#55#56','+#+#+#+#+#+#+#+#+#+#+#+#+',0,2,1,NULL,NULL,1,1,37,'1970-01-01 19:38:18','1970-01-01 19:38:19',NULL,0),
(59,59,0,NULL,NULL,NULL,0,NULL,NULL,0.00,NULL,NULL,0,0,0,NULL,NULL,0,3,0,NULL,NULL,1,1,37,'1970-01-01 19:38:18','1970-01-01 19:38:19',NULL,0),
(60,60,0,NULL,NULL,NULL,0,NULL,NULL,0.00,NULL,NULL,0,0,0,NULL,NULL,0,3,0,NULL,NULL,1,1,37,'1970-01-01 19:38:18','1970-01-01 19:38:19',NULL,0),
(61,61,0,NULL,NULL,NULL,0,NULL,'BEBAN NON OPERASIONAL',0.00,NULL,NULL,0,0,0,NULL,NULL,0,0,0,NULL,NULL,1,1,37,'1970-01-01 19:38:18','1970-01-01 19:38:19',NULL,0),
(62,62,0,NULL,NULL,NULL,71,NULL,'Biaya Pelatihan',0.00,NULL,NULL,0,0,0,NULL,NULL,7,3,0,NULL,NULL,1,1,37,'1970-01-01 19:38:18','1970-01-01 19:38:19',NULL,0),
(63,63,0,NULL,NULL,NULL,72,NULL,'Biaya Materai',0.00,NULL,NULL,0,0,0,NULL,NULL,7,3,0,NULL,NULL,1,1,37,'1970-01-01 19:38:18','1970-01-01 19:38:19',NULL,0),
(64,64,0,NULL,NULL,NULL,73,NULL,'Biaya Entertaint',0.00,NULL,NULL,0,0,0,NULL,NULL,7,3,0,NULL,NULL,1,1,37,'1970-01-01 19:38:18','1970-01-01 19:38:19',NULL,0),
(65,65,0,NULL,NULL,NULL,74,NULL,'Biaya Perbaikan/Maintenance',0.00,NULL,NULL,0,0,0,NULL,NULL,7,3,0,NULL,NULL,1,1,37,'1970-01-01 19:38:18','1970-01-01 19:38:19',NULL,0),
(66,66,0,NULL,NULL,NULL,75,NULL,'Beban Sosial',0.00,NULL,NULL,0,0,0,NULL,NULL,7,3,0,NULL,NULL,1,1,37,'1970-01-01 19:38:18','1970-01-01 19:38:19',NULL,0),
(67,67,0,NULL,NULL,NULL,76,NULL,'Biaya RAT',0.00,NULL,NULL,0,0,0,NULL,NULL,7,3,0,NULL,NULL,1,1,37,'1970-01-01 19:38:18','1970-01-01 19:38:19',NULL,0),
(68,68,0,NULL,NULL,NULL,77,NULL,'Biaya Rapat',0.00,NULL,NULL,0,0,0,NULL,NULL,7,3,0,NULL,NULL,1,1,37,'1970-01-01 19:38:18','1970-01-01 19:38:19',NULL,0),
(69,69,0,NULL,NULL,NULL,78,NULL,'Beban Pihak III',0.00,NULL,NULL,0,0,0,NULL,NULL,7,3,0,NULL,NULL,1,1,37,'1970-01-01 19:38:18','1970-01-01 19:38:19',NULL,0),
(70,70,0,NULL,NULL,NULL,79,NULL,'Beban Pajak',0.00,NULL,NULL,0,0,0,NULL,NULL,7,3,0,NULL,NULL,1,1,37,'1970-01-01 19:38:18','1970-01-01 19:38:19',NULL,0),
(71,71,0,NULL,NULL,NULL,84,NULL,'Beban Bank',0.00,NULL,NULL,0,0,0,NULL,NULL,7,3,0,NULL,NULL,1,1,37,'1970-01-01 19:38:18','1970-01-01 19:38:19',NULL,0),
(72,72,0,NULL,NULL,NULL,80,NULL,'Beban Lain-lain',0.00,NULL,NULL,0,0,0,NULL,NULL,7,3,0,NULL,NULL,1,1,37,'1970-01-01 19:38:18','1970-01-01 19:38:19',NULL,0),
(73,73,0,NULL,NULL,NULL,0,NULL,'JUMLAH NON BEBAN OPERASIONAL',0.00,NULL,NULL,0,0,0,'62#63#64#65#66#67#68#69#70#71#72','+#+#+#+#+#+#+#+#+#+#+#+',0,2,1,NULL,NULL,1,1,37,'1970-01-01 19:38:18','1970-01-01 19:38:19',NULL,0),
(74,74,0,NULL,NULL,NULL,0,NULL,NULL,0.00,NULL,NULL,0,0,0,NULL,NULL,0,3,0,NULL,NULL,1,1,37,'1970-01-01 19:38:18','1970-01-01 19:38:19',NULL,0),
(75,75,0,NULL,NULL,NULL,0,NULL,'JUMLAH BEBAN',0.00,NULL,NULL,0,0,0,'44#45#46#47#48#49#50#51#52#53#54#55#56#62#63#64#65#66#67#68#69#70#71#72','+#+#+#+#+#+#+#+#+#+#+#+#+#+#+#+#+#+#+#+#+#+#+#+#+',9,2,1,NULL,NULL,1,1,37,'1970-01-01 19:38:18','1970-01-01 19:38:19',NULL,0),
(76,76,0,NULL,NULL,NULL,0,NULL,NULL,0.00,NULL,NULL,0,0,0,NULL,NULL,0,3,0,NULL,NULL,1,1,37,'1970-01-01 19:38:18','1970-01-01 19:38:19',NULL,0),
(77,77,0,NULL,NULL,NULL,0,NULL,'SHU Tahun Berjalan',0.00,NULL,NULL,0,0,0,NULL,NULL,10,2,1,NULL,NULL,1,1,37,'1970-01-01 19:38:18','1970-01-01 19:38:19',NULL,0),
(78,78,0,NULL,NULL,NULL,NULL,NULL,'MODAL/EKUITAS',NULL,NULL,NULL,0,0,0,'23#24#25#26#27#28#29#30','+#+#+#+#+#+#+#+',4,2,1,NULL,NULL,1,1,37,'1970-01-01 19:38:19','1970-01-01 19:38:19',NULL,0),
(79,79,0,NULL,NULL,NULL,NULL,NULL,NULL,NULL,NULL,NULL,0,0,0,NULL,NULL,0,2,0,NULL,NULL,1,1,37,'1970-01-01 19:38:19','1970-01-01 19:38:19',NULL,0),
(80,80,0,NULL,'JUMLAH ASET',NULL,NULL,NULL,'JUMLAH KEWAJIBAN',NULL,'2#3#4#5#6#8#9#10#11#12#17#18#19#20#25','+#+#+#+#+#+#+#+#+#+#+#+#+#+#+',6,1,1,'2#3#4#5#6#7#8#9#10#11#12#13#14#23#24#25#26#27#28#29#30','+#+#+#+#+#+#+#+#+#+#+#+#+#+#+#+#+#+#+#+#+',6,1,1,NULL,NULL,1,1,37,'1970-01-01 19:38:19','1970-01-01 19:38:19',NULL,0);

/*Table structure for table `acct_balance_sheet_report_branch` */

DROP TABLE IF EXISTS `acct_balance_sheet_report_branch`;

CREATE TABLE `acct_balance_sheet_report_branch` (
  `balance_sheet_report_id` bigint NOT NULL AUTO_INCREMENT,
  `report_no` int DEFAULT '0',
  `account_id1` int DEFAULT '0',
  `account_code1` varchar(20) DEFAULT '',
  `account_name1` varchar(100) DEFAULT '',
  `account_amount1` decimal(20,2) DEFAULT '0.00',
  `account_id2` int DEFAULT '0',
  `account_code2` varchar(20) DEFAULT '',
  `account_name2` varchar(100) DEFAULT '',
  `account_amount2` decimal(20,2) DEFAULT '0.00',
  `report_formula1` varchar(255) DEFAULT '',
  `report_operator1` varchar(255) DEFAULT '',
  `report_type1` int DEFAULT '0',
  `report_tab1` int DEFAULT '0',
  `report_bold1` int DEFAULT '0',
  `report_formula2` varchar(255) DEFAULT '',
  `report_operator2` varchar(255) DEFAULT '',
  `report_type2` int DEFAULT '0',
  `report_tab2` int DEFAULT '0',
  `report_bold2` int DEFAULT '0',
  `report_formula3` varchar(255) DEFAULT '',
  `report_operator3` varchar(255) DEFAULT '',
  `balance_report_type` decimal(1,0) NOT NULL,
  `balance_report_type1` decimal(1,0) NOT NULL,
  `created_id` int DEFAULT '0',
  `created_at` timestamp NULL DEFAULT NULL,
  `updated_at` timestamp NULL DEFAULT NULL,
  `deleted_at` timestamp NULL DEFAULT NULL,
  `data_state` tinyint(1) NOT NULL DEFAULT '0',
  PRIMARY KEY (`balance_sheet_report_id`),
  KEY `account_id1` (`account_id1`),
  KEY `account_id2` (`account_id2`)
) ENGINE=InnoDB AUTO_INCREMENT=81 DEFAULT CHARSET=utf8mb3;

/*Data for the table `acct_balance_sheet_report_branch` */

insert  into `acct_balance_sheet_report_branch`(`balance_sheet_report_id`,`report_no`,`account_id1`,`account_code1`,`account_name1`,`account_amount1`,`account_id2`,`account_code2`,`account_name2`,`account_amount2`,`report_formula1`,`report_operator1`,`report_type1`,`report_tab1`,`report_bold1`,`report_formula2`,`report_operator2`,`report_type2`,`report_tab2`,`report_bold2`,`report_formula3`,`report_operator3`,`balance_report_type`,`balance_report_type1`,`created_id`,`created_at`,`updated_at`,`deleted_at`,`data_state`) values 
(1,1,1,NULL,'ASET LANCAR',10.00,21,NULL,'KEWAJIBAN LANCAR',10.00,NULL,NULL,1,0,1,NULL,NULL,1,1,1,NULL,NULL,1,1,37,'1970-01-01 19:38:19','1970-01-01 19:38:19',NULL,0),
(2,2,2,'101.01','Kas Besar',10.00,22,'201.01','          Simpanan Sinergi',10.00,NULL,NULL,3,2,0,NULL,NULL,3,2,0,NULL,NULL,1,1,37,'1970-01-01 19:38:19','1970-01-01 19:38:19',NULL,0),
(3,3,3,'101.01.1','Kas Box Kasir',10.00,23,'201.02','          Sinergi Prio',10.00,NULL,NULL,3,2,0,NULL,NULL,3,2,0,NULL,NULL,1,1,37,'1970-01-01 19:38:19','1970-01-01 19:38:19',NULL,0),
(4,4,4,'101.02','Kas Di Bank',10.00,85,'201.03','SiRaya',10.00,NULL,NULL,3,2,0,NULL,NULL,3,2,0,NULL,NULL,1,1,37,'1970-01-01 19:38:19','1970-01-01 19:38:19',NULL,0),
(5,5,5,'101.02.1','Kas Di Bank Mandiri',10.00,25,'201.04','          SiTara',10.00,NULL,NULL,3,2,0,NULL,NULL,3,2,0,NULL,NULL,1,1,37,'1970-01-01 19:38:19','1970-01-01 19:38:19',NULL,0),
(6,6,6,'101.02.2','Kas Di Bank BRI',10.00,86,'201.05','Simbako25',10.00,NULL,NULL,3,2,0,NULL,NULL,3,2,0,NULL,NULL,1,1,37,'1970-01-01 19:38:19','1970-01-01 19:38:19',NULL,0),
(7,7,7,'101.03','Piutang',10.00,87,'201.06','Simbako50',10.00,NULL,NULL,1,2,1,NULL,NULL,3,2,0,NULL,NULL,1,1,37,'1970-01-01 19:38:19','1970-01-01 19:38:19',NULL,0),
(8,8,8,'101.03.1','Pinjaman Mingguan',10.00,88,'201.07','Simbako100',10.00,NULL,NULL,3,2,0,NULL,NULL,3,2,0,NULL,NULL,1,1,37,'1970-01-01 19:38:19','1970-01-01 19:38:19',NULL,0),
(9,9,9,'101.03.2','Pinjaman Bulanan',10.00,26,'201.04.1','          Simpanan Berjangka 3 Bulan',10.00,NULL,NULL,3,2,0,NULL,NULL,3,2,0,NULL,NULL,1,1,37,'1970-01-01 19:38:19','1970-01-01 19:38:19',NULL,0),
(10,10,10,'101.03.3','Pinjaman Menurun',10.00,27,'201.04.2','          Simpanan Berjangka 6 Bulan',10.00,NULL,NULL,3,2,0,NULL,NULL,3,2,0,NULL,NULL,1,1,37,'1970-01-01 19:38:19','1970-01-01 19:38:19',NULL,0),
(11,11,11,'101.03.4','Pinjaman Dana Talangan',10.00,28,'201.04.3','          Simpanan Berjangka 12 Bulan',10.00,NULL,NULL,3,2,0,NULL,NULL,3,2,0,NULL,NULL,1,1,37,'1970-01-01 19:38:19','1970-01-01 19:38:19',NULL,0),
(12,12,12,'101.03.5','Pinjaman Elektronik',10.00,29,'201.04.4','          Simpanan Berjangka 24 Bulan',10.00,NULL,NULL,3,2,0,NULL,NULL,3,2,0,NULL,NULL,1,1,37,'1970-01-01 19:38:19','1970-01-01 19:38:19',NULL,0),
(13,13,13,'101.03.6','Rekening  Antar Kantor ke Cabang',10.00,30,'201.08','          Titipan Notaris',10.00,NULL,NULL,3,2,0,NULL,NULL,3,2,0,NULL,NULL,1,1,37,'1970-01-01 19:38:19','1970-01-01 19:38:19',NULL,0),
(14,14,14,'101.03.7','Modal di Unit Perdagangan',10.00,31,'201.09','          Titipan Asuransi',10.00,NULL,NULL,0,2,0,NULL,NULL,3,2,0,NULL,NULL,1,1,37,'1970-01-01 19:38:19','1970-01-01 19:38:19',NULL,0),
(15,15,15,NULL,'TOTAL ASET LANCAR',10.00,0,'201.10','          Rekening Antar Kantor Dari Pusat',10.00,'2#3#4#5#6#8#9#10#11#12#13','+#+#+#+#+#+#+#+#+#+#+',4,2,1,NULL,NULL,3,2,0,NULL,NULL,1,1,37,'1970-01-01 19:38:19','1970-01-01 19:38:19',NULL,0),
(16,16,16,NULL,'ASET TETAP',10.00,32,NULL,'TOTAL KEWAJIBAN LANCAR',10.00,NULL,NULL,1,2,1,'2#3#4#5#6#7#8#9#10#11#12#13#14#15','+#+#+#+#+#+#+#+#+#+#+#+#+#+',4,2,1,NULL,NULL,1,1,37,'1970-01-01 19:38:19','1970-01-01 19:38:19',NULL,0),
(17,17,17,'102.01','Tanah Dan Gedung',10.00,33,NULL,'KEWAJIBAN JANGKA PANJANG',10.00,NULL,NULL,3,2,0,NULL,NULL,1,2,1,NULL,NULL,1,1,37,'1970-01-01 19:38:19','1970-01-01 19:38:19',NULL,0),
(18,18,18,'102.02','Inventaris Kantor',10.00,34,'201.01.1','Hutang Pihak Ke Tiga',10.00,NULL,NULL,3,2,0,NULL,NULL,3,2,0,NULL,NULL,1,1,37,'1970-01-01 19:38:19','1970-01-01 19:38:19',NULL,0),
(19,19,19,'102.03','Akumulasi Penyusutan Tanah Dan Gedung',10.00,35,'201.01.2','Hutang Di Bank',10.00,NULL,NULL,3,2,0,NULL,NULL,3,2,0,NULL,NULL,1,1,37,'1970-01-01 19:38:19','1970-01-01 19:38:19',NULL,0),
(20,20,20,'102.04','Akumulasi Penyusutan Inventaris Kantor',10.00,36,NULL,'TOTAL KEWAJIBAN JANGKA PANJANG',10.00,NULL,NULL,3,2,0,'18#19','+#+',4,2,1,NULL,NULL,1,1,37,'1970-01-01 19:38:19','1970-01-01 19:38:19',NULL,0),
(21,21,0,NULL,NULL,NULL,37,'201.01.1','TOTAL KEWAJIBAN',10.00,NULL,NULL,3,2,0,'2#3#4#5#6#7#8#9#10#11#12#13#14#15#18#19','+#+#+#+#+#+#+#+#+#+#+#+#+#+#+#+',4,2,1,NULL,NULL,1,1,37,'1970-01-01 19:38:19','1970-01-01 19:38:19',NULL,0),
(22,22,0,NULL,'TOTAL ASET TETAP',NULL,38,NULL,' EKUITAS',10.00,'17#18#19#20','+#+#+#+',4,1,1,NULL,NULL,1,2,1,NULL,NULL,1,1,37,'1970-01-01 19:38:19','1970-01-01 19:38:19',NULL,0),
(23,23,0,NULL,NULL,NULL,37,'202.01','Modal Penyertaam',10.00,NULL,NULL,3,2,0,NULL,NULL,3,2,0,NULL,NULL,1,1,37,'1970-01-01 19:38:19','1970-01-01 19:38:19',NULL,0),
(24,24,0,NULL,'ASET LAINNYA',NULL,38,'202.02','Simpanan Pokok',10.00,NULL,NULL,1,1,1,NULL,NULL,3,2,0,NULL,NULL,1,1,37,'1970-01-01 19:38:19','1970-01-01 19:38:19',NULL,0),
(25,25,83,'103.01','Pra Operasional',NULL,39,'202.03','Simpanan Wajib',10.00,'17#18#19#20','+#+#+#+',3,2,0,NULL,NULL,3,2,0,NULL,NULL,1,1,37,'1970-01-01 19:38:19','1970-01-01 19:38:19',NULL,0),
(26,26,0,NULL,NULL,NULL,40,'202.04','Simpanan Khusus',10.00,NULL,NULL,3,2,0,NULL,NULL,3,2,0,NULL,NULL,1,1,37,'1970-01-01 19:38:19','1970-01-01 19:38:19',NULL,0),
(27,27,0,NULL,NULL,NULL,41,'202.05','Hibah',10.00,NULL,NULL,3,2,0,NULL,NULL,3,2,0,NULL,NULL,1,1,37,'1970-01-01 19:38:19','1970-01-01 19:38:19',NULL,0),
(28,28,0,NULL,NULL,NULL,42,'202.06','Cadangan Umum',10.00,NULL,NULL,3,2,0,NULL,NULL,3,2,0,NULL,NULL,1,1,37,'1970-01-01 19:38:19','1970-01-01 19:38:19',NULL,0),
(29,29,0,NULL,NULL,NULL,43,'202.07','Shu Tahun Lalu',10.00,NULL,NULL,3,2,0,NULL,NULL,3,2,0,NULL,NULL,1,1,37,'1970-01-01 19:38:19','1970-01-01 19:38:19',NULL,0),
(30,30,0,NULL,NULL,NULL,44,'202.08','Shu Ditahan',10.00,NULL,NULL,3,2,0,NULL,NULL,3,2,0,NULL,NULL,1,1,37,'1970-01-01 19:38:19','1970-01-01 19:38:19',NULL,0),
(31,31,0,NULL,NULL,NULL,0,NULL,'Shu Tahun Berjalan',NULL,NULL,NULL,3,2,0,NULL,NULL,0,2,0,NULL,NULL,1,1,37,'1970-01-01 19:38:19','1970-01-01 19:38:19',NULL,0),
(32,32,0,NULL,NULL,NULL,0,NULL,'PENDAPATAN ',0.00,NULL,NULL,0,0,0,NULL,NULL,0,0,0,NULL,NULL,1,1,37,'1970-01-01 19:38:18','1970-01-01 19:38:19',NULL,0),
(33,33,0,NULL,NULL,NULL,48,NULL,'Pendapatan Bunga Pinjaman',0.00,NULL,NULL,0,0,0,NULL,NULL,7,3,0,NULL,NULL,1,1,37,'1970-01-01 19:38:18','1970-01-01 19:38:19',NULL,0),
(34,34,0,NULL,NULL,NULL,49,NULL,'Pendapatan Administrasi',40.00,NULL,NULL,0,0,0,NULL,NULL,7,3,0,NULL,NULL,1,1,37,'1970-01-01 19:38:18','1970-01-01 19:38:19',NULL,0),
(35,35,0,NULL,NULL,NULL,50,NULL,'Pendapatan Provisi',0.00,NULL,NULL,0,0,0,NULL,NULL,7,3,0,NULL,NULL,1,1,37,'1970-01-01 19:38:18','1970-01-01 19:38:19',NULL,0),
(36,36,0,NULL,NULL,NULL,51,NULL,'Pendapatan Denda',0.00,NULL,NULL,0,0,0,NULL,NULL,7,3,0,NULL,NULL,1,1,37,'1970-01-01 19:38:18','1970-01-01 19:38:19',NULL,0),
(37,37,0,NULL,NULL,NULL,52,NULL,'Pendapatan Pinalty Pinjaman',0.00,NULL,NULL,0,0,0,NULL,NULL,7,3,0,NULL,NULL,1,1,37,'1970-01-01 19:38:18','1970-01-01 19:38:19',NULL,0),
(38,38,0,NULL,NULL,NULL,53,NULL,'Pendapatan Adm Penutupan Tabungan',0.00,NULL,NULL,0,0,0,NULL,NULL,7,3,0,NULL,NULL,1,1,37,'1970-01-01 19:38:18','1970-01-01 19:38:19',NULL,0),
(39,39,0,NULL,NULL,NULL,54,NULL,'Pend. Penggantian Buku Tabungan',0.00,NULL,NULL,0,0,0,NULL,NULL,7,3,0,NULL,NULL,1,1,37,'1970-01-01 19:38:18','1970-01-01 19:38:19',NULL,0),
(40,40,0,NULL,NULL,NULL,55,NULL,'Pend.Lain - Lain',0.00,NULL,NULL,0,0,0,NULL,NULL,7,3,0,NULL,NULL,1,1,37,'1970-01-01 19:38:18','1970-01-01 19:38:19',NULL,0),
(41,41,0,NULL,NULL,NULL,0,NULL,' JUMLAH PENDAPATAN',0.00,NULL,NULL,0,0,0,'33#34#35#36#37#38#39#40','+#+#+#+#+#+#+#+#+#+',8,2,1,NULL,NULL,1,1,37,'1970-01-01 19:38:18','1970-01-01 19:38:19',NULL,0),
(42,42,0,NULL,NULL,NULL,0,NULL,NULL,0.00,NULL,NULL,0,0,0,NULL,NULL,0,3,0,NULL,NULL,1,1,37,'1970-01-01 19:38:18','1970-01-01 19:38:19',NULL,0),
(43,43,0,NULL,NULL,NULL,0,NULL,'BEBAN OPERASIONAL',0.00,NULL,NULL,0,0,0,NULL,NULL,0,0,0,NULL,NULL,1,1,37,'1970-01-01 19:38:18','1970-01-01 19:38:19',NULL,0),
(44,44,0,NULL,NULL,NULL,57,NULL,'Beban Bunga Simpanan',0.00,NULL,NULL,0,0,0,NULL,NULL,7,3,0,NULL,NULL,1,1,37,'1970-01-01 19:38:18','1970-01-01 19:38:19',NULL,0),
(45,45,0,NULL,NULL,NULL,58,NULL,'Beban Bunga Simpanan Berjangka',0.00,NULL,NULL,0,0,0,NULL,NULL,7,3,0,NULL,NULL,1,1,37,'1970-01-01 19:38:18','1970-01-01 19:38:19',NULL,0),
(46,46,0,NULL,NULL,NULL,59,NULL,'Beban Gaji Pengelola',0.00,NULL,NULL,0,0,0,NULL,NULL,7,3,0,NULL,NULL,1,1,37,'1970-01-01 19:38:18','1970-01-01 19:38:19',NULL,0),
(47,47,0,NULL,NULL,NULL,60,NULL,'Beban Sewa',0.00,NULL,NULL,0,0,0,NULL,NULL,7,3,0,NULL,NULL,1,1,37,'1970-01-01 19:38:18','1970-01-01 19:38:19',NULL,0),
(48,48,0,NULL,NULL,NULL,61,NULL,'Beban ATK',0.00,NULL,NULL,0,0,0,NULL,NULL,7,3,0,NULL,NULL,1,1,37,'1970-01-01 19:38:18','1970-01-01 19:38:19',NULL,0),
(49,49,0,NULL,NULL,NULL,62,NULL,'Beban Telepon dan Listrik',0.00,NULL,NULL,0,0,0,NULL,NULL,7,3,0,NULL,NULL,1,1,37,'1970-01-01 19:38:18','1970-01-01 19:38:19',NULL,0),
(50,50,0,NULL,NULL,NULL,63,NULL,'Beban Barang Cetakan',0.00,NULL,NULL,0,0,0,NULL,NULL,7,3,0,NULL,NULL,1,1,37,'1970-01-01 19:38:18','1970-01-01 19:38:19',NULL,0),
(51,51,0,NULL,NULL,NULL,64,NULL,'Beban Insentif',0.00,NULL,NULL,0,0,0,NULL,NULL,7,3,0,NULL,NULL,1,1,37,'1970-01-01 19:38:18','1970-01-01 19:38:19',NULL,0),
(52,52,0,NULL,NULL,NULL,65,NULL,'Beban Komisi',0.00,NULL,NULL,0,0,0,NULL,NULL,7,3,0,NULL,NULL,1,1,37,'1970-01-01 19:38:18','1970-01-01 19:38:19',NULL,0),
(53,53,0,NULL,NULL,NULL,66,NULL,'Beban Cadangan Resiko',0.00,NULL,NULL,0,0,0,NULL,NULL,7,3,0,NULL,NULL,1,1,37,'1970-01-01 19:38:18','1970-01-01 19:38:19',NULL,0),
(54,54,0,NULL,NULL,NULL,67,NULL,'Beban Penyusutan Inventaris',0.00,NULL,NULL,0,0,0,NULL,NULL,7,3,0,NULL,NULL,1,1,37,'1970-01-01 19:38:18','1970-01-01 19:38:19',NULL,0),
(55,55,0,NULL,NULL,NULL,68,NULL,'Beban Peny Biaya Dibayar Dimuka',0.00,NULL,NULL,0,0,0,NULL,NULL,7,3,0,NULL,NULL,1,1,37,'1970-01-01 19:38:18','1970-01-01 19:38:19',NULL,0),
(56,56,0,NULL,NULL,NULL,69,NULL,'Biaya Promosi/Marketing',0.00,NULL,NULL,0,0,0,NULL,NULL,7,3,0,NULL,NULL,1,1,37,'1970-01-01 19:38:18','1970-01-01 19:38:19',NULL,0),
(57,57,0,NULL,NULL,NULL,0,NULL,NULL,0.00,NULL,NULL,0,0,0,NULL,NULL,0,3,0,NULL,NULL,1,1,37,'1970-01-01 19:38:18','1970-01-01 19:38:19',NULL,0),
(58,58,0,NULL,NULL,NULL,0,NULL,'JUMLAH BEBAN OPERASIONAL',0.00,NULL,NULL,0,0,0,'44#45#46#47#48#49#50#51#52#53#54#55#56','+#+#+#+#+#+#+#+#+#+#+#+#+',0,2,1,NULL,NULL,1,1,37,'1970-01-01 19:38:18','1970-01-01 19:38:19',NULL,0),
(59,59,0,NULL,NULL,NULL,0,NULL,NULL,0.00,NULL,NULL,0,0,0,NULL,NULL,0,3,0,NULL,NULL,1,1,37,'1970-01-01 19:38:18','1970-01-01 19:38:19',NULL,0),
(60,60,0,NULL,NULL,NULL,0,NULL,NULL,0.00,NULL,NULL,0,0,0,NULL,NULL,0,3,0,NULL,NULL,1,1,37,'1970-01-01 19:38:18','1970-01-01 19:38:19',NULL,0),
(61,61,0,NULL,NULL,NULL,0,NULL,'BEBAN NON OPERASIONAL',0.00,NULL,NULL,0,0,0,NULL,NULL,0,0,0,NULL,NULL,1,1,37,'1970-01-01 19:38:18','1970-01-01 19:38:19',NULL,0),
(62,62,0,NULL,NULL,NULL,71,NULL,'Biaya Pelatihan',0.00,NULL,NULL,0,0,0,NULL,NULL,7,3,0,NULL,NULL,1,1,37,'1970-01-01 19:38:18','1970-01-01 19:38:19',NULL,0),
(63,63,0,NULL,NULL,NULL,72,NULL,'Biaya Materai',0.00,NULL,NULL,0,0,0,NULL,NULL,7,3,0,NULL,NULL,1,1,37,'1970-01-01 19:38:18','1970-01-01 19:38:19',NULL,0),
(64,64,0,NULL,NULL,NULL,73,NULL,'Biaya Entertaint',0.00,NULL,NULL,0,0,0,NULL,NULL,7,3,0,NULL,NULL,1,1,37,'1970-01-01 19:38:18','1970-01-01 19:38:19',NULL,0),
(65,65,0,NULL,NULL,NULL,74,NULL,'Biaya Perbaikan/Maintenance',0.00,NULL,NULL,0,0,0,NULL,NULL,7,3,0,NULL,NULL,1,1,37,'1970-01-01 19:38:18','1970-01-01 19:38:19',NULL,0),
(66,66,0,NULL,NULL,NULL,75,NULL,'Beban Sosial',0.00,NULL,NULL,0,0,0,NULL,NULL,7,3,0,NULL,NULL,1,1,37,'1970-01-01 19:38:18','1970-01-01 19:38:19',NULL,0),
(67,67,0,NULL,NULL,NULL,76,NULL,'Biaya RAT',0.00,NULL,NULL,0,0,0,NULL,NULL,7,3,0,NULL,NULL,1,1,37,'1970-01-01 19:38:18','1970-01-01 19:38:19',NULL,0),
(68,68,0,NULL,NULL,NULL,77,NULL,'Biaya Rapat',0.00,NULL,NULL,0,0,0,NULL,NULL,7,3,0,NULL,NULL,1,1,37,'1970-01-01 19:38:18','1970-01-01 19:38:19',NULL,0),
(69,69,0,NULL,NULL,NULL,78,NULL,'Beban Pihak III',0.00,NULL,NULL,0,0,0,NULL,NULL,7,3,0,NULL,NULL,1,1,37,'1970-01-01 19:38:18','1970-01-01 19:38:19',NULL,0),
(70,70,0,NULL,NULL,NULL,79,NULL,'Beban Pajak',0.00,NULL,NULL,0,0,0,NULL,NULL,7,3,0,NULL,NULL,1,1,37,'1970-01-01 19:38:18','1970-01-01 19:38:19',NULL,0),
(71,71,0,NULL,NULL,NULL,84,NULL,'Beban Bank',0.00,NULL,NULL,0,0,0,NULL,NULL,7,3,0,NULL,NULL,1,1,37,'1970-01-01 19:38:18','1970-01-01 19:38:19',NULL,0),
(72,72,0,NULL,NULL,NULL,80,NULL,'Beban Lain-lain',0.00,NULL,NULL,0,0,0,NULL,NULL,7,3,0,NULL,NULL,1,1,37,'1970-01-01 19:38:18','1970-01-01 19:38:19',NULL,0),
(73,73,0,NULL,NULL,NULL,0,NULL,'JUMLAH NON BEBAN OPERASIONAL',0.00,NULL,NULL,0,0,0,'62#63#64#65#66#67#68#69#70#71#72','+#+#+#+#+#+#+#+#+#+#+#+',0,2,1,NULL,NULL,1,1,37,'1970-01-01 19:38:18','1970-01-01 19:38:19',NULL,0),
(74,74,0,NULL,NULL,NULL,0,NULL,NULL,0.00,NULL,NULL,0,0,0,NULL,NULL,0,3,0,NULL,NULL,1,1,37,'1970-01-01 19:38:18','1970-01-01 19:38:19',NULL,0),
(75,75,0,NULL,NULL,NULL,0,NULL,'JUMLAH BEBAN',0.00,NULL,NULL,0,0,0,'44#45#46#47#48#49#50#51#52#53#54#55#56#62#63#64#65#66#67#68#69#70#71#72','+#+#+#+#+#+#+#+#+#+#+#+#+#+#+#+#+#+#+#+#+#+#+#+#+',9,2,1,NULL,NULL,1,1,37,'1970-01-01 19:38:18','1970-01-01 19:38:19',NULL,0),
(76,76,0,NULL,NULL,NULL,0,NULL,NULL,0.00,NULL,NULL,0,0,0,NULL,NULL,0,3,0,NULL,NULL,1,1,37,'1970-01-01 19:38:18','1970-01-01 19:38:19',NULL,0),
(77,77,0,NULL,NULL,NULL,0,NULL,'SHU Tahun Berjalan',0.00,NULL,NULL,0,0,0,NULL,NULL,10,2,1,NULL,NULL,1,1,37,'1970-01-01 19:38:18','1970-01-01 19:38:19',NULL,0),
(78,78,0,NULL,NULL,NULL,NULL,NULL,'MODAL/EKUITAS',NULL,NULL,NULL,0,0,0,'23#24#25#26#27#28#29#30','+#+#+#+#+#+#+#+',4,2,1,NULL,NULL,1,1,37,'1970-01-01 19:38:19','1970-01-01 19:38:19',NULL,0),
(79,79,0,NULL,NULL,NULL,NULL,NULL,NULL,NULL,NULL,NULL,0,0,0,NULL,NULL,0,2,0,NULL,NULL,1,1,37,'1970-01-01 19:38:19','1970-01-01 19:38:19',NULL,0),
(80,80,0,NULL,'JUMLAH ASET',NULL,NULL,NULL,'JUMLAH KEWAJIBAN',NULL,'2#3#4#5#6#8#9#10#11#12#13#17#18#19#20#25','+#+#+#+#+#+#+#+#+#+#+#+#+#+#+#+',6,1,1,'2#3#4#5#6#7#8#9#10#11#12#13#14#15#23#24#25#26#27#28#29#30','+#+#+#+#+#+#+#+#+#+#+#+#+#+#+#+#+#+#+#+#+#+',6,1,1,NULL,NULL,1,1,37,'1970-01-01 19:38:19','1970-01-01 19:38:19',NULL,0);

/*Table structure for table `acct_balance_sheet_report_consolidation` */

DROP TABLE IF EXISTS `acct_balance_sheet_report_consolidation`;

CREATE TABLE `acct_balance_sheet_report_consolidation` (
  `balance_sheet_report_id` bigint NOT NULL AUTO_INCREMENT,
  `report_no` int DEFAULT '0',
  `account_id1` int DEFAULT '0',
  `account_code1` varchar(20) DEFAULT '',
  `account_name1` varchar(100) DEFAULT '',
  `account_amount1` decimal(20,2) DEFAULT '0.00',
  `account_id2` int DEFAULT '0',
  `account_code2` varchar(20) DEFAULT '',
  `account_name2` varchar(100) DEFAULT '',
  `account_amount2` decimal(20,2) DEFAULT '0.00',
  `report_formula1` varchar(255) DEFAULT '',
  `report_operator1` varchar(255) DEFAULT '',
  `report_type1` int DEFAULT '0',
  `report_tab1` int DEFAULT '0',
  `report_bold1` int DEFAULT '0',
  `report_formula2` varchar(255) DEFAULT '',
  `report_operator2` varchar(255) DEFAULT '',
  `report_type2` int DEFAULT '0',
  `report_tab2` int DEFAULT '0',
  `report_bold2` int DEFAULT '0',
  `report_formula3` varchar(255) DEFAULT '',
  `report_operator3` varchar(255) DEFAULT '',
  `balance_report_type` decimal(1,0) NOT NULL,
  `balance_report_type1` decimal(1,0) NOT NULL,
  `created_id` int DEFAULT '0',
  `created_at` timestamp NULL DEFAULT NULL,
  `updated_at` timestamp NULL DEFAULT NULL,
  `deleted_at` timestamp NULL DEFAULT NULL,
  `data_state` tinyint(1) NOT NULL DEFAULT '0',
  PRIMARY KEY (`balance_sheet_report_id`),
  KEY `account_id1` (`account_id1`),
  KEY `account_id2` (`account_id2`)
) ENGINE=InnoDB AUTO_INCREMENT=81 DEFAULT CHARSET=utf8mb3;

/*Data for the table `acct_balance_sheet_report_consolidation` */

insert  into `acct_balance_sheet_report_consolidation`(`balance_sheet_report_id`,`report_no`,`account_id1`,`account_code1`,`account_name1`,`account_amount1`,`account_id2`,`account_code2`,`account_name2`,`account_amount2`,`report_formula1`,`report_operator1`,`report_type1`,`report_tab1`,`report_bold1`,`report_formula2`,`report_operator2`,`report_type2`,`report_tab2`,`report_bold2`,`report_formula3`,`report_operator3`,`balance_report_type`,`balance_report_type1`,`created_id`,`created_at`,`updated_at`,`deleted_at`,`data_state`) values 
(1,1,1,NULL,'ASET LANCAR',10.00,21,NULL,'KEWAJIBAN LANCAR',10.00,NULL,NULL,1,0,1,NULL,NULL,1,1,1,NULL,NULL,1,1,37,'1970-01-01 19:38:19','1970-01-01 19:38:19',NULL,0),
(2,2,2,'101.01','Kas Besar',10.00,22,'201.01','          Simpanan Sinergi',10.00,NULL,NULL,3,2,0,NULL,NULL,3,2,0,NULL,NULL,1,1,37,'1970-01-01 19:38:19','1970-01-01 19:38:19',NULL,0),
(3,3,3,'101.01.1','Kas Box Kasir',10.00,23,'201.02','          Sinergi Prio',10.00,NULL,NULL,3,2,0,NULL,NULL,3,2,0,NULL,NULL,1,1,37,'1970-01-01 19:38:19','1970-01-01 19:38:19',NULL,0),
(4,4,4,'101.02','Kas Di Bank',10.00,85,'201.03','SiRaya',10.00,NULL,NULL,3,2,0,NULL,NULL,3,2,0,NULL,NULL,1,1,37,'1970-01-01 19:38:19','1970-01-01 19:38:19',NULL,0),
(5,5,5,'101.02.1','Kas Di Bank Mandiri',10.00,25,'201.04','          SiTara',10.00,NULL,NULL,3,2,0,NULL,NULL,3,2,0,NULL,NULL,1,1,37,'1970-01-01 19:38:19','1970-01-01 19:38:19',NULL,0),
(6,6,6,'101.02.2','Kas Di Bank BRI',10.00,86,'201.05','Simbako25',10.00,NULL,NULL,3,2,0,NULL,NULL,3,2,0,NULL,NULL,1,1,37,'1970-01-01 19:38:19','1970-01-01 19:38:19',NULL,0),
(7,7,7,'101.03','Piutang',10.00,87,'201.06','Simbako50',10.00,NULL,NULL,1,2,1,NULL,NULL,3,2,0,NULL,NULL,1,1,37,'1970-01-01 19:38:19','1970-01-01 19:38:19',NULL,0),
(8,8,8,'101.03.1','Pinjaman Mingguan',10.00,88,'201.07','Simbako100',10.00,NULL,NULL,3,2,0,NULL,NULL,3,2,0,NULL,NULL,1,1,37,'1970-01-01 19:38:19','1970-01-01 19:38:19',NULL,0),
(9,9,9,'101.03.2','Pinjaman Bulanan',10.00,26,'201.04.1','          Simpanan Berjangka 3 Bulan',10.00,NULL,NULL,3,2,0,NULL,NULL,3,2,0,NULL,NULL,1,1,37,'1970-01-01 19:38:19','1970-01-01 19:38:19',NULL,0),
(10,10,10,'101.03.3','Pinjaman Menurun',10.00,27,'201.04.2','          Simpanan Berjangka 6 Bulan',10.00,NULL,NULL,3,2,0,NULL,NULL,3,2,0,NULL,NULL,1,1,37,'1970-01-01 19:38:19','1970-01-01 19:38:19',NULL,0),
(11,11,11,'101.03.4','Pinjaman Dana Talangan',10.00,28,'201.04.3','          Simpanan Berjangka 12 Bulan',10.00,NULL,NULL,3,2,0,NULL,NULL,3,2,0,NULL,NULL,1,1,37,'1970-01-01 19:38:19','1970-01-01 19:38:19',NULL,0),
(12,12,12,'101.03.5','Pinjaman Elektronik',10.00,29,'201.04.4','          Simpanan Berjangka 24 Bulan',10.00,NULL,NULL,3,2,0,NULL,NULL,3,2,0,NULL,NULL,1,1,37,'1970-01-01 19:38:19','1970-01-01 19:38:19',NULL,0),
(13,13,13,'101.03.6','Rekening  Antar Kantor ke Cabang',10.00,30,'201.08','          Titipan Notaris',10.00,NULL,NULL,3,2,0,NULL,NULL,3,2,0,NULL,NULL,1,1,37,'1970-01-01 19:38:19','1970-01-01 19:38:19',NULL,0),
(14,14,14,'101.03.7','Modal di Unit Perdagangan',10.00,31,'201.09','          Titipan Asuransi',10.00,NULL,NULL,0,2,0,NULL,NULL,3,2,0,NULL,NULL,1,1,37,'1970-01-01 19:38:19','1970-01-01 19:38:19',NULL,0),
(15,15,15,NULL,'TOTAL ASET LANCAR',10.00,0,'201.10','          Rekening Antar Kantor Dari Pusat',10.00,'2#3#4#5#6#8#9#10#11#12#13','+#+#+#+#+#+#+#+#+#+#+',4,2,1,NULL,NULL,3,2,0,NULL,NULL,1,1,37,'1970-01-01 19:38:19','1970-01-01 19:38:19',NULL,0),
(16,16,16,NULL,'ASET TETAP',10.00,32,NULL,'TOTAL KEWAJIBAN LANCAR',10.00,NULL,NULL,1,2,1,'2#3#4#5#6#7#8#9#10#11#12#13#14#15','+#+#+#+#+#+#+#+#+#+#+#+#+#+',4,2,1,NULL,NULL,1,1,37,'1970-01-01 19:38:19','1970-01-01 19:38:19',NULL,0),
(17,17,17,'102.01','Tanah Dan Gedung',10.00,33,NULL,'KEWAJIBAN JANGKA PANJANG',10.00,NULL,NULL,3,2,0,NULL,NULL,1,2,1,NULL,NULL,1,1,37,'1970-01-01 19:38:19','1970-01-01 19:38:19',NULL,0),
(18,18,18,'102.02','Inventaris Kantor',10.00,34,'201.01.1','Hutang Pihak Ke Tiga',10.00,NULL,NULL,3,2,0,NULL,NULL,3,2,0,NULL,NULL,1,1,37,'1970-01-01 19:38:19','1970-01-01 19:38:19',NULL,0),
(19,19,19,'102.03','Akumulasi Penyusutan Tanah Dan Gedung',10.00,35,'201.01.2','Hutang Di Bank',10.00,NULL,NULL,3,2,0,NULL,NULL,3,2,0,NULL,NULL,1,1,37,'1970-01-01 19:38:19','1970-01-01 19:38:19',NULL,0),
(20,20,20,'102.04','Akumulasi Penyusutan Inventaris Kantor',10.00,36,NULL,'TOTAL KEWAJIBAN JANGKA PANJANG',10.00,NULL,NULL,3,2,0,'18#19','+#+',4,2,1,NULL,NULL,1,1,37,'1970-01-01 19:38:19','1970-01-01 19:38:19',NULL,0),
(21,21,0,NULL,NULL,NULL,37,'201.01.1','TOTAL KEWAJIBAN',10.00,NULL,NULL,3,2,0,'2#3#4#5#6#7#8#9#10#11#12#13#14#15#18#19','+#+#+#+#+#+#+#+#+#+#+#+#+#+#+#+',4,2,1,NULL,NULL,1,1,37,'1970-01-01 19:38:19','1970-01-01 19:38:19',NULL,0),
(22,22,0,NULL,'TOTAL ASET TETAP',NULL,38,NULL,' EKUITAS',10.00,'17#18#19#20','+#+#+#+',4,1,1,NULL,NULL,1,2,1,NULL,NULL,1,1,37,'1970-01-01 19:38:19','1970-01-01 19:38:19',NULL,0),
(23,23,0,NULL,NULL,NULL,37,'202.01','Modal Penyertaam',10.00,NULL,NULL,3,2,0,NULL,NULL,3,2,0,NULL,NULL,1,1,37,'1970-01-01 19:38:19','1970-01-01 19:38:19',NULL,0),
(24,24,0,NULL,'ASET LAINNYA',NULL,38,'202.02','Simpanan Pokok',10.00,NULL,NULL,1,1,1,NULL,NULL,3,2,0,NULL,NULL,1,1,37,'1970-01-01 19:38:19','1970-01-01 19:38:19',NULL,0),
(25,25,83,'103.01','Pra Operasional',NULL,39,'202.03','Simpanan Wajib',10.00,'17#18#19#20','+#+#+#+',3,2,0,NULL,NULL,3,2,0,NULL,NULL,1,1,37,'1970-01-01 19:38:19','1970-01-01 19:38:19',NULL,0),
(26,26,0,NULL,NULL,NULL,40,'202.04','Simpanan Khusus',10.00,NULL,NULL,3,2,0,NULL,NULL,3,2,0,NULL,NULL,1,1,37,'1970-01-01 19:38:19','1970-01-01 19:38:19',NULL,0),
(27,27,0,NULL,NULL,NULL,41,'202.05','Hibah',10.00,NULL,NULL,3,2,0,NULL,NULL,3,2,0,NULL,NULL,1,1,37,'1970-01-01 19:38:19','1970-01-01 19:38:19',NULL,0),
(28,28,0,NULL,NULL,NULL,42,'202.06','Cadangan Umum',10.00,NULL,NULL,3,2,0,NULL,NULL,3,2,0,NULL,NULL,1,1,37,'1970-01-01 19:38:19','1970-01-01 19:38:19',NULL,0),
(29,29,0,NULL,NULL,NULL,43,'202.07','Shu Tahun Lalu',10.00,NULL,NULL,3,2,0,NULL,NULL,3,2,0,NULL,NULL,1,1,37,'1970-01-01 19:38:19','1970-01-01 19:38:19',NULL,0),
(30,30,0,NULL,NULL,NULL,44,'202.08','Shu Ditahan',10.00,NULL,NULL,3,2,0,NULL,NULL,3,2,0,NULL,NULL,1,1,37,'1970-01-01 19:38:19','1970-01-01 19:38:19',NULL,0),
(31,31,0,NULL,NULL,NULL,0,NULL,'Shu Tahun Berjalan',NULL,NULL,NULL,3,2,0,NULL,NULL,0,2,0,NULL,NULL,1,1,37,'1970-01-01 19:38:19','1970-01-01 19:38:19',NULL,0),
(32,32,0,NULL,NULL,NULL,0,NULL,'PENDAPATAN ',0.00,NULL,NULL,0,0,0,NULL,NULL,0,0,0,NULL,NULL,1,1,37,'1970-01-01 19:38:18','1970-01-01 19:38:19',NULL,0),
(33,33,0,NULL,NULL,NULL,48,NULL,'Pendapatan Bunga Pinjaman',0.00,NULL,NULL,0,0,0,NULL,NULL,7,3,0,NULL,NULL,1,1,37,'1970-01-01 19:38:18','1970-01-01 19:38:19',NULL,0),
(34,34,0,NULL,NULL,NULL,49,NULL,'Pendapatan Administrasi',40.00,NULL,NULL,0,0,0,NULL,NULL,7,3,0,NULL,NULL,1,1,37,'1970-01-01 19:38:18','1970-01-01 19:38:19',NULL,0),
(35,35,0,NULL,NULL,NULL,50,NULL,'Pendapatan Provisi',0.00,NULL,NULL,0,0,0,NULL,NULL,7,3,0,NULL,NULL,1,1,37,'1970-01-01 19:38:18','1970-01-01 19:38:19',NULL,0),
(36,36,0,NULL,NULL,NULL,51,NULL,'Pendapatan Denda',0.00,NULL,NULL,0,0,0,NULL,NULL,7,3,0,NULL,NULL,1,1,37,'1970-01-01 19:38:18','1970-01-01 19:38:19',NULL,0),
(37,37,0,NULL,NULL,NULL,52,NULL,'Pendapatan Pinalty Pinjaman',0.00,NULL,NULL,0,0,0,NULL,NULL,7,3,0,NULL,NULL,1,1,37,'1970-01-01 19:38:18','1970-01-01 19:38:19',NULL,0),
(38,38,0,NULL,NULL,NULL,53,NULL,'Pendapatan Adm Penutupan Tabungan',0.00,NULL,NULL,0,0,0,NULL,NULL,7,3,0,NULL,NULL,1,1,37,'1970-01-01 19:38:18','1970-01-01 19:38:19',NULL,0),
(39,39,0,NULL,NULL,NULL,54,NULL,'Pend. Penggantian Buku Tabungan',0.00,NULL,NULL,0,0,0,NULL,NULL,7,3,0,NULL,NULL,1,1,37,'1970-01-01 19:38:18','1970-01-01 19:38:19',NULL,0),
(40,40,0,NULL,NULL,NULL,55,NULL,'Pend.Lain - Lain',0.00,NULL,NULL,0,0,0,NULL,NULL,7,3,0,NULL,NULL,1,1,37,'1970-01-01 19:38:18','1970-01-01 19:38:19',NULL,0),
(41,41,0,NULL,NULL,NULL,0,NULL,' JUMLAH PENDAPATAN',0.00,NULL,NULL,0,0,0,'33#34#35#36#37#38#39#40','+#+#+#+#+#+#+#+#+#+',8,2,1,NULL,NULL,1,1,37,'1970-01-01 19:38:18','1970-01-01 19:38:19',NULL,0),
(42,42,0,NULL,NULL,NULL,0,NULL,NULL,0.00,NULL,NULL,0,0,0,NULL,NULL,0,3,0,NULL,NULL,1,1,37,'1970-01-01 19:38:18','1970-01-01 19:38:19',NULL,0),
(43,43,0,NULL,NULL,NULL,0,NULL,'BEBAN OPERASIONAL',0.00,NULL,NULL,0,0,0,NULL,NULL,0,0,0,NULL,NULL,1,1,37,'1970-01-01 19:38:18','1970-01-01 19:38:19',NULL,0),
(44,44,0,NULL,NULL,NULL,57,NULL,'Beban Bunga Simpanan',0.00,NULL,NULL,0,0,0,NULL,NULL,7,3,0,NULL,NULL,1,1,37,'1970-01-01 19:38:18','1970-01-01 19:38:19',NULL,0),
(45,45,0,NULL,NULL,NULL,58,NULL,'Beban Bunga Simpanan Berjangka',0.00,NULL,NULL,0,0,0,NULL,NULL,7,3,0,NULL,NULL,1,1,37,'1970-01-01 19:38:18','1970-01-01 19:38:19',NULL,0),
(46,46,0,NULL,NULL,NULL,59,NULL,'Beban Gaji Pengelola',0.00,NULL,NULL,0,0,0,NULL,NULL,7,3,0,NULL,NULL,1,1,37,'1970-01-01 19:38:18','1970-01-01 19:38:19',NULL,0),
(47,47,0,NULL,NULL,NULL,60,NULL,'Beban Sewa',0.00,NULL,NULL,0,0,0,NULL,NULL,7,3,0,NULL,NULL,1,1,37,'1970-01-01 19:38:18','1970-01-01 19:38:19',NULL,0),
(48,48,0,NULL,NULL,NULL,61,NULL,'Beban ATK',0.00,NULL,NULL,0,0,0,NULL,NULL,7,3,0,NULL,NULL,1,1,37,'1970-01-01 19:38:18','1970-01-01 19:38:19',NULL,0),
(49,49,0,NULL,NULL,NULL,62,NULL,'Beban Telepon dan Listrik',0.00,NULL,NULL,0,0,0,NULL,NULL,7,3,0,NULL,NULL,1,1,37,'1970-01-01 19:38:18','1970-01-01 19:38:19',NULL,0),
(50,50,0,NULL,NULL,NULL,63,NULL,'Beban Barang Cetakan',0.00,NULL,NULL,0,0,0,NULL,NULL,7,3,0,NULL,NULL,1,1,37,'1970-01-01 19:38:18','1970-01-01 19:38:19',NULL,0),
(51,51,0,NULL,NULL,NULL,64,NULL,'Beban Insentif',0.00,NULL,NULL,0,0,0,NULL,NULL,7,3,0,NULL,NULL,1,1,37,'1970-01-01 19:38:18','1970-01-01 19:38:19',NULL,0),
(52,52,0,NULL,NULL,NULL,65,NULL,'Beban Komisi',0.00,NULL,NULL,0,0,0,NULL,NULL,7,3,0,NULL,NULL,1,1,37,'1970-01-01 19:38:18','1970-01-01 19:38:19',NULL,0),
(53,53,0,NULL,NULL,NULL,66,NULL,'Beban Cadangan Resiko',0.00,NULL,NULL,0,0,0,NULL,NULL,7,3,0,NULL,NULL,1,1,37,'1970-01-01 19:38:18','1970-01-01 19:38:19',NULL,0),
(54,54,0,NULL,NULL,NULL,67,NULL,'Beban Penyusutan Inventaris',0.00,NULL,NULL,0,0,0,NULL,NULL,7,3,0,NULL,NULL,1,1,37,'1970-01-01 19:38:18','1970-01-01 19:38:19',NULL,0),
(55,55,0,NULL,NULL,NULL,68,NULL,'Beban Peny Biaya Dibayar Dimuka',0.00,NULL,NULL,0,0,0,NULL,NULL,7,3,0,NULL,NULL,1,1,37,'1970-01-01 19:38:18','1970-01-01 19:38:19',NULL,0),
(56,56,0,NULL,NULL,NULL,69,NULL,'Biaya Promosi/Marketing',0.00,NULL,NULL,0,0,0,NULL,NULL,7,3,0,NULL,NULL,1,1,37,'1970-01-01 19:38:18','1970-01-01 19:38:19',NULL,0),
(57,57,0,NULL,NULL,NULL,0,NULL,NULL,0.00,NULL,NULL,0,0,0,NULL,NULL,0,3,0,NULL,NULL,1,1,37,'1970-01-01 19:38:18','1970-01-01 19:38:19',NULL,0),
(58,58,0,NULL,NULL,NULL,0,NULL,'JUMLAH BEBAN OPERASIONAL',0.00,NULL,NULL,0,0,0,'44#45#46#47#48#49#50#51#52#53#54#55#56','+#+#+#+#+#+#+#+#+#+#+#+#+',0,2,1,NULL,NULL,1,1,37,'1970-01-01 19:38:18','1970-01-01 19:38:19',NULL,0),
(59,59,0,NULL,NULL,NULL,0,NULL,NULL,0.00,NULL,NULL,0,0,0,NULL,NULL,0,3,0,NULL,NULL,1,1,37,'1970-01-01 19:38:18','1970-01-01 19:38:19',NULL,0),
(60,60,0,NULL,NULL,NULL,0,NULL,NULL,0.00,NULL,NULL,0,0,0,NULL,NULL,0,3,0,NULL,NULL,1,1,37,'1970-01-01 19:38:18','1970-01-01 19:38:19',NULL,0),
(61,61,0,NULL,NULL,NULL,0,NULL,'BEBAN NON OPERASIONAL',0.00,NULL,NULL,0,0,0,NULL,NULL,0,0,0,NULL,NULL,1,1,37,'1970-01-01 19:38:18','1970-01-01 19:38:19',NULL,0),
(62,62,0,NULL,NULL,NULL,71,NULL,'Biaya Pelatihan',0.00,NULL,NULL,0,0,0,NULL,NULL,7,3,0,NULL,NULL,1,1,37,'1970-01-01 19:38:18','1970-01-01 19:38:19',NULL,0),
(63,63,0,NULL,NULL,NULL,72,NULL,'Biaya Materai',0.00,NULL,NULL,0,0,0,NULL,NULL,7,3,0,NULL,NULL,1,1,37,'1970-01-01 19:38:18','1970-01-01 19:38:19',NULL,0),
(64,64,0,NULL,NULL,NULL,73,NULL,'Biaya Entertaint',0.00,NULL,NULL,0,0,0,NULL,NULL,7,3,0,NULL,NULL,1,1,37,'1970-01-01 19:38:18','1970-01-01 19:38:19',NULL,0),
(65,65,0,NULL,NULL,NULL,74,NULL,'Biaya Perbaikan/Maintenance',0.00,NULL,NULL,0,0,0,NULL,NULL,7,3,0,NULL,NULL,1,1,37,'1970-01-01 19:38:18','1970-01-01 19:38:19',NULL,0),
(66,66,0,NULL,NULL,NULL,75,NULL,'Beban Sosial',0.00,NULL,NULL,0,0,0,NULL,NULL,7,3,0,NULL,NULL,1,1,37,'1970-01-01 19:38:18','1970-01-01 19:38:19',NULL,0),
(67,67,0,NULL,NULL,NULL,76,NULL,'Biaya RAT',0.00,NULL,NULL,0,0,0,NULL,NULL,7,3,0,NULL,NULL,1,1,37,'1970-01-01 19:38:18','1970-01-01 19:38:19',NULL,0),
(68,68,0,NULL,NULL,NULL,77,NULL,'Biaya Rapat',0.00,NULL,NULL,0,0,0,NULL,NULL,7,3,0,NULL,NULL,1,1,37,'1970-01-01 19:38:18','1970-01-01 19:38:19',NULL,0),
(69,69,0,NULL,NULL,NULL,78,NULL,'Beban Pihak III',0.00,NULL,NULL,0,0,0,NULL,NULL,7,3,0,NULL,NULL,1,1,37,'1970-01-01 19:38:18','1970-01-01 19:38:19',NULL,0),
(70,70,0,NULL,NULL,NULL,79,NULL,'Beban Pajak',0.00,NULL,NULL,0,0,0,NULL,NULL,7,3,0,NULL,NULL,1,1,37,'1970-01-01 19:38:18','1970-01-01 19:38:19',NULL,0),
(71,71,0,NULL,NULL,NULL,84,NULL,'Beban Bank',0.00,NULL,NULL,0,0,0,NULL,NULL,7,3,0,NULL,NULL,1,1,37,'1970-01-01 19:38:18','1970-01-01 19:38:19',NULL,0),
(72,72,0,NULL,NULL,NULL,80,NULL,'Beban Lain-lain',0.00,NULL,NULL,0,0,0,NULL,NULL,7,3,0,NULL,NULL,1,1,37,'1970-01-01 19:38:18','1970-01-01 19:38:19',NULL,0),
(73,73,0,NULL,NULL,NULL,0,NULL,'JUMLAH NON BEBAN OPERASIONAL',0.00,NULL,NULL,0,0,0,'62#63#64#65#66#67#68#69#70#71#72','+#+#+#+#+#+#+#+#+#+#+#+',0,2,1,NULL,NULL,1,1,37,'1970-01-01 19:38:18','1970-01-01 19:38:19',NULL,0),
(74,74,0,NULL,NULL,NULL,0,NULL,NULL,0.00,NULL,NULL,0,0,0,NULL,NULL,0,3,0,NULL,NULL,1,1,37,'1970-01-01 19:38:18','1970-01-01 19:38:19',NULL,0),
(75,75,0,NULL,NULL,NULL,0,NULL,'JUMLAH BEBAN',0.00,NULL,NULL,0,0,0,'44#45#46#47#48#49#50#51#52#53#54#55#56#62#63#64#65#66#67#68#69#70#71#72','+#+#+#+#+#+#+#+#+#+#+#+#+#+#+#+#+#+#+#+#+#+#+#+#+',9,2,1,NULL,NULL,1,1,37,'1970-01-01 19:38:18','1970-01-01 19:38:19',NULL,0),
(76,76,0,NULL,NULL,NULL,0,NULL,NULL,0.00,NULL,NULL,0,0,0,NULL,NULL,0,3,0,NULL,NULL,1,1,37,'1970-01-01 19:38:18','1970-01-01 19:38:19',NULL,0),
(77,77,0,NULL,NULL,NULL,0,NULL,'SHU Tahun Berjalan',0.00,NULL,NULL,0,0,0,NULL,NULL,10,2,1,NULL,NULL,1,1,37,'1970-01-01 19:38:18','1970-01-01 19:38:19',NULL,0),
(78,78,0,NULL,NULL,NULL,NULL,NULL,'MODAL/EKUITAS',NULL,NULL,NULL,0,0,0,'23#24#25#26#27#28#29#30','+#+#+#+#+#+#+#+',4,2,1,NULL,NULL,1,1,37,'1970-01-01 19:38:19','1970-01-01 19:38:19',NULL,0),
(79,79,0,NULL,NULL,NULL,NULL,NULL,NULL,NULL,NULL,NULL,0,0,0,NULL,NULL,0,2,0,NULL,NULL,1,1,37,'1970-01-01 19:38:19','1970-01-01 19:38:19',NULL,0),
(80,80,0,NULL,'JUMLAH ASET',NULL,NULL,NULL,'JUMLAH KEWAJIBAN',NULL,'2#3#4#5#6#8#9#10#11#12#13#17#18#19#20#25','+#+#+#+#+#+#+#+#+#+#+#+#+#+#+#+',6,1,1,'2#3#4#5#6#7#8#9#10#11#12#13#14#15#23#24#25#26#27#28#29#30','+#+#+#+#+#+#+#+#+#+#+#+#+#+#+#+#+#+#+#+#+#+',6,1,1,NULL,NULL,1,1,37,'1970-01-01 19:38:19','1970-01-01 19:38:19',NULL,0);

/*!40101 SET SQL_MODE=@OLD_SQL_MODE */;
/*!40014 SET FOREIGN_KEY_CHECKS=@OLD_FOREIGN_KEY_CHECKS */;
/*!40014 SET UNIQUE_CHECKS=@OLD_UNIQUE_CHECKS */;
/*!40111 SET SQL_NOTES=@OLD_SQL_NOTES */;
